scrape_timestamp,timestamp,state,rto,rto_number,vehicle_type,district,Maker,BIO-CNG/BIO-GAS,BIO-DIESEL(B100),BIO-METHANE,CNG ONLY,DIESEL,DIESEL/HYBRID,DI-METHYL ETHER,DUAL DIESEL/BIO CNG,DUAL DIESEL/CNG,DUAL DIESEL/LNG,ELECTRIC(BOV),ETHANOL,FLEX-FUEL(BIO-DIESEL),FLEX-FUEL(ETHANOL),FUEL CELL HYDROGEN,HCNG,HYDROGEN(ICE),LNG,LPG ONLY,METHANOL,NOT APPLICABLE,PETROL,PETROL/CNG,PETROL(E20)/CNG,PETROL(E20)/HYBRID,PETROL(E20)/HYBRID/CNG,PETROL(E20)/LPG,PETROL/ETHANOL,PETROL/HYBRID,PETROL/HYBRID/CNG,PETROL/LPG,PETROL/METHANOL,PLUG-IN HYBRID EV,PURE EV,SOLAR,STRONG HYBRID EV,TOTAL
24-04-2026,23-04-2026,Kerala,ADOOR SRTO,KL26,motor_car,Kottayam,HONDA CARS INDIA LTD,0,0,0,0,0,0,0,0,0,0,0,0,0,0,0,0,0,0,0,0,0,1,0,0,0,0,0,0,0,0,0,0,0,0,0,0,1
24-04-2026,23-04-2026,Kerala,ADOOR SRTO,KL26,motor_car,Kottayam,HYUNDAI MOTOR INDIA LTD,0,0,0,0,0,0,0,0,0,0,0,0,0,0,0,0,0,0,0,0,0,0,0,0,0,0,0,3,0,0,0,0,0,0,0,0,3
24-04-2026,23-04-2026,Kerala,ADOOR SRTO,KL26,motor_car,Kottayam,JSW MG MOTOR INDIA PVT LTD,0,0,0,0,0,0,0,0,0,0,0,0,0,0,0,0,0,0,0,0,0,0,0,0,0,0,0,0,0,0,0,0,0,1,0,0,1
24-04-2026,23-04-2026,Kerala,ADOOR SRTO,KL26,motor_car,Kottayam,KIA INDIA PRIVATE LIMITED,0,0,0,0,1,0,0,0,0,0,0,0,0,0,0,0,0,0,0,0,0,0,0,0,0,0,0,1,0,0,0,0,0,0,0,0,2
24-04-2026,23-04-2026,Kerala,ADOOR SRTO,KL26,motor_car,Kottayam,MAHINDRA & MAHINDRA LIMITED,0,0,0,0,3,0,0,0,0,0,0,0,0,0,0,0,0,0,0,0,0,1,0,0,0,0,0,1,0,0,0,0,0,0,0,0,5
24-04-2026,23-04-2026,Kerala,ADOOR SRTO,KL26,motor_car,Kottayam,MARUTI SUZUKI INDIA LTD,0,0,0,0,0,0,0,0,0,0,0,0,0,0,0,0,0,0,0,0,0,1,0,1,9,0,0,44,0,0,0,0,0,1,0,0,56
24-04-2026,23-04-2026,Kerala,ADOOR SRTO,KL26,motor_car,Kottayam,NISSAN MOTOR INDIA PVT LTD,0,0,0,0,0,0,0,0,0,0,0,0,0,0,0,0,0,0,0,0,0,2,0,0,0,0,0,0,0,0,0,0,0,0,0,0,2
24-04-2026,23-04-2026,Kerala,ADOOR SRTO,KL26,motor_car,Kottayam,SKODA AUTO VOLKSWAGEN INDIA PVT LTD,0,0,0,0,0,0,0,0,0,0,0,0,0,0,0,0,0,0,0,0,0,0,0,0,0,0,0,4,0,0,0,0,0,0,0,0,4
24-04-2026,23-04-2026,Kerala,ADOOR SRTO,KL26,motor_car,Kottayam,TATA MOTORS PASSENGER VEHICLES LTD,0,0,0,0,2,0,0,0,0,0,0,0,0,0,0,0,0,0,0,0,0,0,0,0,0,0,0,6,0,0,0,0,0,0,0,0,8
24-04-2026,23-04-2026,Kerala,ADOOR SRTO,KL26,motor_car,Kottayam,TATA PASSENGER ELECTRIC MOBILITY LTD,0,0,0,0,0,0,0,0,0,0,0,0,0,0,0,0,0,0,0,0,0,0,0,0,0,0,0,0,0,0,0,0,0,3,0,0,3
24-04-2026,23-04-2026,Kerala,ADOOR SRTO,KL26,motor_car,Kottayam,TOYOTA KIRLOSKAR MOTOR PVT LTD,0,0,0,0,0,0,0,0,0,0,0,0,0,0,0,0,0,0,0,0,0,0,0,0,0,0,0,2,5,0,0,0,0,0,0,2,9
24-04-2026,23-04-2026,Tamil Nadu,ALANGUDI UO,TN641,motor_car,Thanjavur,HONDA CARS INDIA LTD,0,0,0,0,0,0,0,0,0,0,0,0,0,0,0,0,0,0,0,0,0,3,0,0,0,0,0,0,0,0,0,0,0,0,0,0,3
24-04-2026,23-04-2026,Tamil Nadu,ALANGUDI UO,TN641,motor_car,Thanjavur,HYUNDAI MOTOR INDIA LTD,0,0,0,0,1,0,0,0,0,0,0,0,0,0,0,0,0,0,0,0,0,0,0,0,0,0,0,4,0,0,0,0,0,0,0,0,5
24-04-2026,23-04-2026,Tamil Nadu,ALANGUDI UO,TN641,motor_car,Thanjavur,KIA INDIA PRIVATE LIMITED,0,0,0,0,0,0,0,0,0,0,0,0,0,0,0,0,0,0,0,0,0,0,0,0,0,0,0,3,0,0,0,0,0,0,0,0,3
24-04-2026,23-04-2026,Tamil Nadu,ALANGUDI UO,TN641,motor_car,Thanjavur,MAHINDRA ELECTRIC AUTOMOBILE LTD,0,0,0,0,0,0,0,0,0,0,0,0,0,0,0,0,0,0,0,0,0,0,0,0,0,0,0,0,0,0,0,0,0,2,0,0,2
24-04-2026,23-04-2026,Tamil Nadu,ALANGUDI UO,TN641,motor_car,Thanjavur,MAHINDRA & MAHINDRA LIMITED,0,0,0,0,6,0,0,0,0,0,0,0,0,0,0,0,0,0,0,0,0,0,0,0,0,0,0,0,0,0,0,0,0,0,0,0,6
24-04-2026,23-04-2026,Tamil Nadu,ALANGUDI UO,TN641,motor_car,Thanjavur,MARUTI SUZUKI INDIA LTD,0,0,0,0,0,0,0,0,0,0,0,0,0,0,0,0,0,0,0,0,0,0,0,0,3,0,0,7,0,0,0,0,0,0,0,0,10
24-04-2026,23-04-2026,Tamil Nadu,ALANGUDI UO,TN641,motor_car,Thanjavur,RENAULT INDIA PVT LTD,0,0,0,0,0,0,0,0,0,0,0,0,0,0,0,0,0,0,0,0,0,0,0,0,0,0,0,2,0,0,0,0,0,0,0,0,2
24-04-2026,23-04-2026,Tamil Nadu,ALANGUDI UO,TN641,motor_car,Thanjavur,TATA MOTORS PASSENGER VEHICLES LTD,0,0,0,0,0,0,0,0,0,0,0,0,0,0,0,0,0,0,0,0,0,0,0,1,0,0,0,5,0,0,0,0,0,0,0,0,6
24-04-2026,23-04-2026,Tamil Nadu,ALANGUDI UO,TN641,motor_car,Thanjavur,TOYOTA KIRLOSKAR MOTOR PVT LTD,0,0,0,0,1,0,0,0,0,0,0,0,0,0,0,0,0,0,0,0,0,0,0,0,0,0,0,1,0,0,0,0,0,0,0,2,4
24-04-2026,23-04-2026,Tamil Nadu,ALANGULAM UO,TN644,motor_car,Madurai AO,HYUNDAI MOTOR INDIA LTD,0,0,0,0,1,0,0,0,0,0,0,0,0,0,0,0,0,0,0,0,0,0,0,0,0,0,0,5,0,0,0,0,0,0,0,0,6
24-04-2026,23-04-2026,Tamil Nadu,ALANGULAM UO,TN644,motor_car,Madurai AO,MAHINDRA & MAHINDRA LIMITED,0,0,0,0,4,0,0,0,0,0,0,0,0,0,0,0,0,0,0,0,0,0,0,0,0,0,0,0,0,0,0,0,0,0,0,0,4
24-04-2026,23-04-2026,Tamil Nadu,ALANGULAM UO,TN644,motor_car,Madurai AO,MARUTI SUZUKI INDIA LTD,0,0,0,0,0,0,0,0,0,0,0,0,0,0,0,0,0,0,0,0,0,0,0,0,2,0,0,14,0,0,0,0,0,0,0,0,16
24-04-2026,23-04-2026,Tamil Nadu,ALANGULAM UO,TN644,motor_car,Madurai AO,TATA MOTORS PASSENGER VEHICLES LTD,0,0,0,0,1,0,0,0,0,0,0,0,0,0,0,0,0,0,0,0,0,0,0,0,0,0,0,4,0,0,0,0,0,0,0,0,5
24-04-2026,23-04-2026,Tamil Nadu,ALANGULAM UO,TN644,motor_car,Madurai AO,TOYOTA KIRLOSKAR MOTOR PVT LTD,0,0,0,0,1,0,0,0,0,0,0,0,0,0,0,0,0,0,0,0,0,0,0,0,0,0,0,2,1,0,0,0,0,0,0,0,4
24-04-2026,23-04-2026,Kerala,ALAPPUZHA RTO,KL4,motor_car,Alappuzha,HONDA CARS INDIA LTD,0,0,0,0,0,0,0,0,0,0,0,0,0,0,0,0,0,0,0,0,0,1,0,0,0,0,0,0,0,0,0,0,0,0,0,0,1
24-04-2026,23-04-2026,Kerala,ALAPPUZHA RTO,KL4,motor_car,Alappuzha,HYUNDAI MOTOR INDIA LTD,0,0,0,0,0,0,0,0,0,0,0,0,0,0,0,0,0,0,0,0,0,0,0,0,0,0,0,5,0,0,0,0,0,0,0,0,5
24-04-2026,23-04-2026,Kerala,ALAPPUZHA RTO,KL4,motor_car,Alappuzha,JSW MG MOTOR INDIA PVT LTD,0,0,0,0,0,0,0,0,0,0,0,0,0,0,0,0,0,0,0,0,0,0,0,0,0,0,0,0,0,0,0,0,0,2,0,0,2
24-04-2026,23-04-2026,Kerala,ALAPPUZHA RTO,KL4,motor_car,Alappuzha,KIA INDIA PRIVATE LIMITED,0,0,0,0,0,0,0,0,0,0,0,0,0,0,0,0,0,0,0,0,0,0,0,0,0,0,0,6,0,0,0,0,0,0,0,0,6
24-04-2026,23-04-2026,Kerala,ALAPPUZHA RTO,KL4,motor_car,Alappuzha,MAHINDRA ELECTRIC AUTOMOBILE LTD,0,0,0,0,0,0,0,0,0,0,0,0,0,0,0,0,0,0,0,0,0,0,0,0,0,0,0,0,0,0,0,0,0,2,0,0,2
24-04-2026,23-04-2026,Kerala,ALAPPUZHA RTO,KL4,motor_car,Alappuzha,MAHINDRA & MAHINDRA LIMITED,0,0,0,0,2,0,0,0,0,0,0,0,0,0,0,0,0,0,0,0,0,0,0,0,0,0,0,1,0,0,0,0,0,0,0,0,3
24-04-2026,23-04-2026,Kerala,ALAPPUZHA RTO,KL4,motor_car,Alappuzha,MARUTI SUZUKI INDIA LTD,0,0,0,0,0,0,0,0,0,0,0,0,0,0,0,0,0,0,0,0,0,0,0,7,6,0,0,50,0,0,0,0,0,2,0,0,65
24-04-2026,23-04-2026,Kerala,ALAPPUZHA RTO,KL4,motor_car,Alappuzha,NISSAN MOTOR INDIA PVT LTD,0,0,0,0,0,0,0,0,0,0,0,0,0,0,0,0,0,0,0,0,0,2,0,0,0,0,0,1,0,0,0,0,0,0,0,0,3
24-04-2026,23-04-2026,Kerala,ALAPPUZHA RTO,KL4,motor_car,Alappuzha,SKODA AUTO VOLKSWAGEN INDIA PVT LTD,0,0,0,0,0,0,0,0,0,0,0,0,0,0,0,0,0,0,0,0,0,1,0,0,0,0,0,2,0,0,0,0,0,0,0,0,3
24-04-2026,23-04-2026,Kerala,ALAPPUZHA RTO,KL4,motor_car,Alappuzha,TATA MOTORS PASSENGER VEHICLES LTD,0,0,0,0,0,0,0,0,0,0,0,0,0,0,0,0,0,0,0,0,0,0,0,1,0,0,0,9,0,0,0,0,0,0,0,0,10
24-04-2026,23-04-2026,Kerala,ALAPPUZHA RTO,KL4,motor_car,Alappuzha,TATA PASSENGER ELECTRIC MOBILITY LTD,0,0,0,0,0,0,0,0,0,0,0,0,0,0,0,0,0,0,0,0,0,0,0,0,0,0,0,0,0,0,0,0,0,9,0,0,9
24-04-2026,23-04-2026,Kerala,ALAPPUZHA RTO,KL4,motor_car,Alappuzha,TOYOTA KIRLOSKAR MOTOR PVT LTD,0,0,0,0,0,0,0,0,0,0,0,0,0,0,0,0,0,0,0,0,0,0,0,0,0,0,0,5,2,0,0,0,0,0,0,1,8
24-04-2026,23-04-2026,Kerala,ALATHUR SRTO,KL49,motor_car,Palakkad,HONDA CARS INDIA LTD,0,0,0,0,0,0,0,0,0,0,0,0,0,0,0,0,0,0,0,0,0,1,0,0,0,0,0,0,0,0,0,0,0,0,0,0,1
24-04-2026,23-04-2026,Kerala,ALATHUR SRTO,KL49,motor_car,Palakkad,HYUNDAI MOTOR INDIA LTD,0,0,0,0,2,0,0,0,0,0,0,0,0,0,0,0,0,0,0,0,0,1,0,0,0,0,0,14,0,0,0,0,0,0,0,0,17
24-04-2026,23-04-2026,Kerala,ALATHUR SRTO,KL49,motor_car,Palakkad,JSW MG MOTOR INDIA PVT LTD,0,0,0,0,0,0,0,0,0,0,0,0,0,0,0,0,0,0,0,0,0,0,0,0,0,0,0,0,0,0,0,0,0,3,0,0,3
24-04-2026,23-04-2026,Kerala,ALATHUR SRTO,KL49,motor_car,Palakkad,KIA INDIA PRIVATE LIMITED,0,0,0,0,1,0,0,0,0,0,0,0,0,0,0,0,0,0,0,0,0,0,0,0,0,0,0,6,0,0,0,0,0,0,0,0,7
24-04-2026,23-04-2026,Kerala,ALATHUR SRTO,KL49,motor_car,Palakkad,MAHINDRA ELECTRIC AUTOMOBILE LTD,0,0,0,0,0,0,0,0,0,0,0,0,0,0,0,0,0,0,0,0,0,0,0,0,0,0,0,0,0,0,0,0,0,3,0,0,3
24-04-2026,23-04-2026,Kerala,ALATHUR SRTO,KL49,motor_car,Palakkad,MAHINDRA & MAHINDRA LIMITED,0,0,0,0,4,0,0,0,0,0,0,0,0,0,0,0,0,0,0,0,0,1,0,0,0,0,0,1,0,0,0,0,0,0,0,0,6
24-04-2026,23-04-2026,Kerala,ALATHUR SRTO,KL49,motor_car,Palakkad,MARUTI SUZUKI INDIA LTD,0,0,0,0,0,0,0,0,0,0,0,0,0,0,0,0,0,0,0,0,0,0,0,2,6,0,0,35,0,0,0,0,0,0,0,0,43
24-04-2026,23-04-2026,Kerala,ALATHUR SRTO,KL49,motor_car,Palakkad,NISSAN MOTOR INDIA PVT LTD,0,0,0,0,0,0,0,0,0,0,0,0,0,0,0,0,0,0,0,0,0,0,0,0,0,0,0,2,0,0,0,0,0,0,0,0,2
24-04-2026,23-04-2026,Kerala,ALATHUR SRTO,KL49,motor_car,Palakkad,RENAULT INDIA PVT LTD,0,0,0,0,0,0,0,0,0,0,0,0,0,0,0,0,0,0,0,0,0,1,0,0,0,0,0,0,0,0,0,0,0,0,0,0,1
24-04-2026,23-04-2026,Kerala,ALATHUR SRTO,KL49,motor_car,Palakkad,SKODA AUTO VOLKSWAGEN INDIA PVT LTD,0,0,0,0,0,0,0,0,0,0,0,0,0,0,0,0,0,0,0,0,0,0,0,0,0,0,0,1,0,0,0,0,0,0,0,0,1
24-04-2026,23-04-2026,Kerala,ALATHUR SRTO,KL49,motor_car,Palakkad,TATA MOTORS PASSENGER VEHICLES LTD,0,0,0,0,2,0,0,0,0,0,0,0,0,0,0,0,0,0,0,0,0,0,0,1,0,0,0,11,0,0,0,0,0,0,0,0,14
24-04-2026,23-04-2026,Kerala,ALATHUR SRTO,KL49,motor_car,Palakkad,TATA PASSENGER ELECTRIC MOBILITY LTD,0,0,0,0,0,0,0,0,0,0,0,0,0,0,0,0,0,0,0,0,0,0,0,0,0,0,0,0,0,0,0,0,0,4,0,0,4
24-04-2026,23-04-2026,Kerala,ALATHUR SRTO,KL49,motor_car,Palakkad,TOYOTA KIRLOSKAR MOTOR PVT LTD,0,0,0,0,0,0,0,0,0,0,0,0,0,0,0,0,0,0,0,0,0,0,0,0,0,0,0,3,1,0,0,0,0,0,0,3,7
24-04-2026,23-04-2026,Kerala,ALUVA SRTO,KL41,motor_car,Ernakulam,HONDA CARS INDIA LTD,0,0,0,0,0,0,0,0,0,0,0,0,0,0,0,0,0,0,0,0,0,2,0,0,0,0,0,0,0,0,0,0,0,0,0,1,3
24-04-2026,23-04-2026,Kerala,ALUVA SRTO,KL41,motor_car,Ernakulam,HYUNDAI MOTOR INDIA LTD,0,0,0,0,0,0,0,0,0,0,0,0,0,0,0,0,0,0,0,0,0,0,0,0,0,0,0,6,0,0,0,0,0,1,0,0,7
24-04-2026,23-04-2026,Kerala,ALUVA SRTO,KL41,motor_car,Ernakulam,JSW MG MOTOR INDIA PVT LTD,0,0,0,0,0,0,0,0,0,0,0,0,0,0,0,0,0,0,0,0,0,0,0,0,0,0,0,0,0,0,0,0,0,3,0,0,3
24-04-2026,23-04-2026,Kerala,ALUVA SRTO,KL41,motor_car,Ernakulam,KIA INDIA PRIVATE LIMITED,0,0,0,0,2,0,0,0,0,0,0,0,0,0,0,0,0,0,0,0,0,0,0,0,0,0,0,5,0,0,0,0,0,1,0,0,8
24-04-2026,23-04-2026,Kerala,ALUVA SRTO,KL41,motor_car,Ernakulam,MAHINDRA & MAHINDRA LIMITED,0,0,0,0,4,0,0,0,0,0,0,0,0,0,0,0,0,0,0,0,0,0,0,0,0,0,0,0,0,0,0,0,0,0,0,0,4
24-04-2026,23-04-2026,Kerala,ALUVA SRTO,KL41,motor_car,Ernakulam,MARUTI SUZUKI INDIA LTD,0,0,0,0,0,0,0,0,0,0,0,0,0,0,0,0,0,0,0,0,0,0,0,3,6,0,0,38,0,0,0,0,0,0,0,1,48
24-04-2026,23-04-2026,Kerala,ALUVA SRTO,KL41,motor_car,Ernakulam,NISSAN MOTOR INDIA PVT LTD,0,0,0,0,0,0,0,0,0,0,0,0,0,0,0,0,0,0,0,0,0,2,0,0,0,0,0,0,0,0,0,0,0,0,0,0,2
24-04-2026,23-04-2026,Kerala,ALUVA SRTO,KL41,motor_car,Ernakulam,RENAULT INDIA PVT LTD,0,0,0,0,0,0,0,0,0,0,0,0,0,0,0,0,0,0,0,0,0,0,0,0,0,0,0,1,0,0,0,0,0,0,0,0,1
24-04-2026,23-04-2026,Kerala,ALUVA SRTO,KL41,motor_car,Ernakulam,SKODA AUTO VOLKSWAGEN INDIA PVT LTD,0,0,0,0,0,0,0,0,0,0,0,0,0,0,0,0,0,0,0,0,0,1,0,0,0,0,0,3,0,0,0,0,0,0,0,0,4
24-04-2026,23-04-2026,Kerala,ALUVA SRTO,KL41,motor_car,Ernakulam,TATA MOTORS PASSENGER VEHICLES LTD,0,0,0,0,1,0,0,0,0,0,0,0,0,0,0,0,0,0,0,0,0,0,0,0,0,0,0,4,0,0,0,0,0,0,0,0,5
24-04-2026,23-04-2026,Kerala,ALUVA SRTO,KL41,motor_car,Ernakulam,TATA PASSENGER ELECTRIC MOBILITY LTD,0,0,0,0,0,0,0,0,0,0,0,0,0,0,0,0,0,0,0,0,0,0,0,0,0,0,0,0,0,0,0,0,0,4,0,0,4
24-04-2026,23-04-2026,Kerala,ALUVA SRTO,KL41,motor_car,Ernakulam,TOYOTA KIRLOSKAR MOTOR PVT LTD,0,0,0,0,2,0,0,0,0,0,0,0,0,0,0,0,0,0,0,0,0,0,0,0,0,0,0,12,2,0,0,0,0,0,0,3,19
24-04-2026,23-04-2026,Kerala,ALUVA SRTO,KL41,motor_car,Ernakulam,VINFAST AUTO INDIA PVT LTD,0,0,0,0,0,0,0,0,0,0,0,0,0,0,0,0,0,0,0,0,0,0,0,0,0,0,0,0,0,0,0,0,0,1,0,0,1
24-04-2026,23-04-2026,Tamil Nadu,AMBASAMUTHIRAM UO,TN611,motor_car,Madurai AO,HONDA CARS INDIA LTD,0,0,0,0,0,0,0,0,0,0,0,0,0,0,0,0,0,0,0,0,0,1,0,0,0,0,0,0,0,0,0,0,0,0,0,0,1
24-04-2026,23-04-2026,Tamil Nadu,AMBASAMUTHIRAM UO,TN611,motor_car,Madurai AO,HYUNDAI MOTOR INDIA LTD,0,0,0,0,0,0,0,0,0,0,0,0,0,0,0,0,0,0,0,0,0,0,0,0,0,0,0,4,0,0,0,0,0,0,0,0,4
24-04-2026,23-04-2026,Tamil Nadu,AMBASAMUTHIRAM UO,TN611,motor_car,Madurai AO,KIA INDIA PRIVATE LIMITED,0,0,0,0,0,0,0,0,0,0,0,0,0,0,0,0,0,0,0,0,0,0,0,0,0,0,0,2,0,0,0,0,0,0,0,0,2
24-04-2026,23-04-2026,Tamil Nadu,AMBASAMUTHIRAM UO,TN611,motor_car,Madurai AO,MAHINDRA & MAHINDRA LIMITED,0,0,0,0,6,0,0,0,0,0,0,0,0,0,0,0,0,0,0,0,0,0,0,0,0,0,0,0,0,0,0,0,0,0,0,0,6
24-04-2026,23-04-2026,Tamil Nadu,AMBASAMUTHIRAM UO,TN611,motor_car,Madurai AO,MARUTI SUZUKI INDIA LTD,0,0,0,0,0,0,0,0,0,0,0,0,0,0,0,0,0,0,0,0,0,0,0,1,4,0,0,17,0,0,0,0,0,0,0,0,22
24-04-2026,23-04-2026,Tamil Nadu,AMBASAMUTHIRAM UO,TN611,motor_car,Madurai AO,RENAULT INDIA PVT LTD,0,0,0,0,0,0,0,0,0,0,0,0,0,0,0,0,0,0,0,0,0,0,0,0,0,0,0,2,0,0,0,0,0,0,0,0,2
24-04-2026,23-04-2026,Tamil Nadu,AMBASAMUTHIRAM UO,TN611,motor_car,Madurai AO,SKODA AUTO VOLKSWAGEN INDIA PVT LTD,0,0,0,0,0,0,0,0,0,0,0,0,0,0,0,0,0,0,0,0,0,0,0,0,0,0,0,1,0,0,0,0,0,0,0,0,1
24-04-2026,23-04-2026,Tamil Nadu,AMBASAMUTHIRAM UO,TN611,motor_car,Madurai AO,TATA MOTORS PASSENGER VEHICLES LTD,0,0,0,0,0,0,0,0,0,0,0,0,0,0,0,0,0,0,0,0,0,0,0,0,0,0,0,4,0,0,0,0,0,0,0,0,4
24-04-2026,23-04-2026,Tamil Nadu,AMBASAMUTHIRAM UO,TN611,motor_car,Madurai AO,TATA PASSENGER ELECTRIC MOBILITY LTD,0,0,0,0,0,0,0,0,0,0,0,0,0,0,0,0,0,0,0,0,0,0,0,0,0,0,0,0,0,0,0,0,0,1,0,0,1
24-04-2026,23-04-2026,Tamil Nadu,AMBASAMUTHIRAM UO,TN611,motor_car,Madurai AO,TOYOTA KIRLOSKAR MOTOR PVT LTD,0,0,0,0,0,0,0,0,0,0,0,0,0,0,0,0,0,0,0,0,0,0,1,0,2,0,0,2,1,0,0,0,0,0,0,0,6
24-04-2026,23-04-2026,Karnataka,ATHANI ARTO,KA71,motor_car,Belgaum,HYUNDAI MOTOR INDIA LTD,0,0,0,0,3,0,0,0,0,0,0,0,0,0,0,0,0,0,0,0,0,0,0,0,0,0,0,5,0,0,0,0,0,0,0,0,8
24-04-2026,23-04-2026,Karnataka,ATHANI ARTO,KA71,motor_car,Belgaum,KIA INDIA PRIVATE LIMITED,0,0,0,0,3,0,0,0,0,0,0,0,0,0,0,0,0,0,0,0,0,0,0,0,0,0,0,6,0,0,0,0,0,0,0,0,9
24-04-2026,23-04-2026,Karnataka,ATHANI ARTO,KA71,motor_car,Belgaum,MAHINDRA & MAHINDRA LIMITED,0,0,0,0,6,0,0,0,0,0,0,0,0,0,0,0,0,0,0,0,0,0,0,0,0,0,0,0,0,0,0,0,0,0,0,0,6
24-04-2026,23-04-2026,Karnataka,ATHANI ARTO,KA71,motor_car,Belgaum,MARUTI SUZUKI INDIA LTD,0,0,0,0,0,0,0,0,0,0,0,0,0,0,0,0,0,0,0,0,0,0,0,6,4,0,0,9,0,0,0,0,0,0,0,0,19
24-04-2026,23-04-2026,Karnataka,ATHANI ARTO,KA71,motor_car,Belgaum,RENAULT INDIA PVT LTD,0,0,0,0,0,0,0,0,0,0,0,0,0,0,0,0,0,0,0,0,0,0,0,0,0,0,0,2,0,0,0,0,0,0,0,0,2
24-04-2026,23-04-2026,Karnataka,ATHANI ARTO,KA71,motor_car,Belgaum,SKODA AUTO VOLKSWAGEN INDIA PVT LTD,0,0,0,0,0,0,0,0,0,0,0,0,0,0,0,0,0,0,0,0,0,1,0,0,0,0,0,0,0,0,0,0,0,0,0,0,1
24-04-2026,23-04-2026,Karnataka,ATHANI ARTO,KA71,motor_car,Belgaum,TATA MOTORS PASSENGER VEHICLES LTD,0,0,0,0,9,0,0,0,0,0,0,0,0,0,0,0,0,0,0,0,0,0,0,7,0,0,0,9,0,0,0,0,0,0,0,0,25
24-04-2026,23-04-2026,Karnataka,ATHANI ARTO,KA71,motor_car,Belgaum,TATA PASSENGER ELECTRIC MOBILITY LTD,0,0,0,0,0,0,0,0,0,0,0,0,0,0,0,0,0,0,0,0,0,0,0,0,0,0,0,0,0,0,0,0,0,1,0,0,1
24-04-2026,23-04-2026,Karnataka,ATHANI ARTO,KA71,motor_car,Belgaum,TOYOTA KIRLOSKAR MOTOR PVT LTD,0,0,0,0,0,0,0,0,0,0,0,0,0,0,0,0,0,0,0,0,0,0,2,2,1,0,0,0,0,0,0,0,0,0,0,0,5
24-04-2026,23-04-2026,Karnataka,BAGALKOT  RTO,KA29,motor_car,Bijapur,HYUNDAI MOTOR INDIA LTD,0,0,0,0,10,0,0,0,0,0,0,0,0,0,0,0,0,0,0,0,0,0,2,1,0,0,0,13,0,0,0,0,0,0,0,0,26
24-04-2026,23-04-2026,Karnataka,BAGALKOT  RTO,KA29,motor_car,Bijapur,JSW MG MOTOR INDIA PVT LTD,0,0,0,0,0,0,0,0,0,0,1,0,0,0,0,0,0,0,0,0,0,0,0,0,0,0,0,0,0,0,0,0,0,1,0,0,2
24-04-2026,23-04-2026,Karnataka,BAGALKOT  RTO,KA29,motor_car,Bijapur,KIA INDIA PRIVATE LIMITED,0,0,0,0,2,0,0,0,0,0,0,0,0,0,0,0,0,0,0,0,0,0,0,0,0,0,0,10,0,0,0,0,0,0,0,0,12
24-04-2026,23-04-2026,Karnataka,BAGALKOT  RTO,KA29,motor_car,Bijapur,MAHINDRA & MAHINDRA LIMITED,0,0,0,0,6,0,0,0,0,0,0,0,0,0,0,0,0,0,0,0,0,1,0,0,0,0,0,0,0,0,0,0,0,0,0,0,7
24-04-2026,23-04-2026,Karnataka,BAGALKOT  RTO,KA29,motor_car,Bijapur,MARUTI SUZUKI INDIA LTD,0,0,0,0,0,0,0,0,0,0,0,0,0,0,0,0,0,0,0,0,0,0,0,19,6,0,0,18,0,0,0,0,0,0,0,1,44
24-04-2026,23-04-2026,Karnataka,BAGALKOT  RTO,KA29,motor_car,Bijapur,RENAULT INDIA PVT LTD,0,0,0,0,0,0,0,0,0,0,0,0,0,0,0,0,0,0,0,0,0,0,0,0,0,0,0,1,0,0,0,0,0,0,0,0,1
24-04-2026,23-04-2026,Karnataka,BAGALKOT  RTO,KA29,motor_car,Bijapur,SKODA AUTO VOLKSWAGEN INDIA PVT LTD,0,0,0,0,0,0,0,0,0,0,0,0,0,0,0,0,0,0,0,0,0,0,0,0,0,0,0,1,0,0,0,0,0,0,0,0,1
24-04-2026,23-04-2026,Karnataka,BAGALKOT  RTO,KA29,motor_car,Bijapur,STELLANTIS INDIA PVT LTD,0,0,0,0,1,0,0,0,0,0,0,0,0,0,0,0,0,0,0,0,0,0,0,0,0,0,0,0,0,0,0,0,0,0,0,0,1
24-04-2026,23-04-2026,Karnataka,BAGALKOT  RTO,KA29,motor_car,Bijapur,TATA MOTORS PASSENGER VEHICLES LTD,0,0,0,0,2,0,0,0,0,0,0,0,0,0,0,0,0,0,0,0,0,0,0,21,0,0,0,9,0,0,0,0,0,0,0,0,32
24-04-2026,23-04-2026,Karnataka,BAGALKOT  RTO,KA29,motor_car,Bijapur,TOYOTA KIRLOSKAR MOTOR PVT LTD,0,0,0,0,1,0,0,0,0,0,0,0,0,0,0,0,0,0,0,0,0,0,0,0,0,0,0,0,1,0,0,0,0,0,0,1,3
24-04-2026,23-04-2026,Puducherry,BAHOUR,PY11,motor_car,Pondicherry,HYUNDAI MOTOR INDIA LTD,0,0,0,0,1,0,0,0,0,0,0,0,0,0,0,0,0,0,0,0,0,0,0,0,0,0,0,0,0,0,0,0,0,0,0,0,1
24-04-2026,23-04-2026,Puducherry,BAHOUR,PY11,motor_car,Pondicherry,JSW MG MOTOR INDIA PVT LTD,0,0,0,0,0,0,0,0,0,0,0,0,0,0,0,0,0,0,0,0,0,0,0,0,0,0,0,1,0,0,0,0,0,1,0,0,2
24-04-2026,23-04-2026,Puducherry,BAHOUR,PY11,motor_car,Pondicherry,KIA INDIA PRIVATE LIMITED,0,0,0,0,2,0,0,0,0,0,0,0,0,0,0,0,0,0,0,0,0,0,0,0,0,0,0,4,0,0,0,0,0,0,0,0,6
24-04-2026,23-04-2026,Puducherry,BAHOUR,PY11,motor_car,Pondicherry,MARUTI SUZUKI INDIA LTD,0,0,0,0,0,0,0,0,0,0,0,0,0,0,0,0,0,0,0,0,0,0,0,6,11,0,0,18,0,0,0,0,0,0,0,0,35
24-04-2026,23-04-2026,Puducherry,BAHOUR,PY11,motor_car,Pondicherry,RENAULT INDIA PVT LTD,0,0,0,0,0,0,0,0,0,0,0,0,0,0,0,0,0,0,0,0,0,0,0,0,0,0,0,2,0,0,0,0,0,0,0,0,2
24-04-2026,23-04-2026,Puducherry,BAHOUR,PY11,motor_car,Pondicherry,SKODA AUTO VOLKSWAGEN INDIA PVT LTD,0,0,0,0,0,0,0,0,0,0,0,0,0,0,0,0,0,0,0,0,0,0,0,0,0,0,0,5,0,0,0,0,0,0,0,0,5
24-04-2026,23-04-2026,Puducherry,BAHOUR,PY11,motor_car,Pondicherry,TATA MOTORS PASSENGER VEHICLES LTD,0,0,0,0,0,0,0,0,0,0,0,0,0,0,0,0,0,0,0,0,0,0,0,0,0,0,0,4,0,0,0,0,0,0,0,0,4
24-04-2026,23-04-2026,Puducherry,BAHOUR,PY11,motor_car,Pondicherry,TOYOTA KIRLOSKAR MOTOR PVT LTD,0,0,0,0,0,0,0,0,0,0,0,0,0,0,0,0,0,0,0,0,0,1,0,0,0,0,0,0,0,0,0,0,0,0,0,0,1
24-04-2026,23-04-2026,Puducherry,KARAIKAL,PY2,motor_car,Pondicherry,HONDA CARS INDIA LTD,0,0,0,0,0,0,0,0,0,0,0,0,0,0,0,0,0,0,0,0,0,3,0,0,0,0,0,0,0,0,0,0,0,0,0,1,4
24-04-2026,23-04-2026,Puducherry,KARAIKAL,PY2,motor_car,Pondicherry,HYUNDAI MOTOR INDIA LTD,0,0,0,0,0,0,0,0,0,0,0,0,0,0,0,0,0,0,0,0,0,0,0,1,0,0,0,21,0,0,0,0,0,0,0,0,22
24-04-2026,23-04-2026,Puducherry,KARAIKAL,PY2,motor_car,Pondicherry,KIA INDIA PRIVATE LIMITED,0,0,0,0,2,0,0,0,0,0,0,0,0,0,0,0,0,0,0,0,0,0,0,0,0,0,0,1,0,0,0,0,0,0,0,0,3
24-04-2026,23-04-2026,Puducherry,KARAIKAL,PY2,motor_car,Pondicherry,MAHINDRA & MAHINDRA LIMITED,0,0,0,0,8,0,0,0,0,0,0,0,0,0,0,0,0,0,0,0,0,3,0,0,0,0,0,2,0,0,0,0,0,0,0,0,13
24-04-2026,23-04-2026,Puducherry,KARAIKAL,PY2,motor_car,Pondicherry,MARUTI SUZUKI INDIA LTD,0,0,0,0,0,0,0,0,0,0,0,0,0,0,0,0,0,0,0,0,0,0,0,3,8,0,0,37,0,0,0,0,0,0,0,0,48
24-04-2026,23-04-2026,Puducherry,KARAIKAL,PY2,motor_car,Pondicherry,RENAULT INDIA PVT LTD,0,0,0,0,0,0,0,0,0,0,0,0,0,0,0,0,0,0,0,0,0,0,0,0,0,0,0,2,0,0,0,0,0,0,0,0,2
24-04-2026,23-04-2026,Puducherry,KARAIKAL,PY2,motor_car,Pondicherry,SKODA AUTO VOLKSWAGEN INDIA PVT LTD,0,0,0,0,0,0,0,0,0,0,0,0,0,0,0,0,0,0,0,0,0,0,0,0,0,0,0,3,0,0,0,0,0,0,0,0,3
24-04-2026,23-04-2026,Puducherry,KARAIKAL,PY2,motor_car,Pondicherry,TATA MOTORS PASSENGER VEHICLES LTD,0,0,0,0,4,0,0,0,0,0,0,0,0,0,0,0,0,0,0,0,0,0,0,1,0,0,0,3,0,0,0,0,0,0,0,0,8
24-04-2026,23-04-2026,Puducherry,KARAIKAL,PY2,motor_car,Pondicherry,TOYOTA KIRLOSKAR MOTOR PVT LTD,0,0,0,0,2,0,0,0,0,0,0,0,0,0,0,0,0,0,0,0,0,0,0,1,2,0,0,4,2,0,0,0,0,0,0,5,16
