scrape_timestamp,timestamp,state,RTO,rto_number,vehicle_type,district,Maker,BIO-CNG/BIO-GAS,BIO-DIESEL(B100),BIO-METHANE,CNG ONLY,DIESEL,DIESEL/HYBRID,DI-METHYL ETHER,DUAL DIESEL/BIO CNG,DUAL DIESEL/CNG,DUAL DIESEL/LNG,ELECTRIC(BOV),ETHANOL,FLEX-FUEL(BIO-DIESEL),FLEX-FUEL(ETHANOL),FUEL CELL HYDROGEN,HCNG,HYDROGEN(ICE),LNG,LPG ONLY,METHANOL,NOT APPLICABLE,PETROL,PETROL/CNG,PETROL(E20)/CNG,PETROL(E20)/HYBRID,PETROL(E20)/HYBRID/CNG,PETROL(E20)/LPG,PETROL/ETHANOL,PETROL/HYBRID,PETROL/HYBRID/CNG,PETROL/LPG,PETROL/METHANOL,PLUG-IN HYBRID EV,PURE EV,SOLAR,STRONG HYBRID EV,TOTAL
02-02-2026,01-02-2026,Kerala,ADOOR SRTO,KL26,motor_car,Kottayam,JSW MG MOTOR INDIA PVT LTD,0,0,0,0,0,0,0,0,0,0,0,0,0,0,0,0,0,0,0,0,0,0,0,0,0,0,0,0,0,0,0,0,0,1,0,0,1
02-02-2026,01-02-2026,Kerala,ADOOR SRTO,KL26,motor_car,Kottayam,MARUTI SUZUKI INDIA LTD,0,0,0,0,0,0,0,0,0,0,0,0,0,0,0,0,0,0,0,0,0,0,0,0,0,0,0,1,0,0,0,0,0,0,0,0,1
02-02-2026,01-02-2026,Kerala,ADOOR SRTO,KL26,motor_car,Kottayam,JSW MG MOTOR INDIA PVT LTD,0,0,0,0,0,0,0,0,0,0,0,0,0,0,0,0,0,0,0,0,0,0,0,0,0,0,0,0,0,0,0,0,0,1,0,0,1
02-02-2026,01-02-2026,Kerala,ADOOR SRTO,KL26,motor_car,Kottayam,MARUTI SUZUKI INDIA LTD,0,0,0,0,0,0,0,0,0,0,0,0,0,0,0,0,0,0,0,0,0,0,0,0,0,0,0,1,0,0,0,0,0,0,0,0,1
02-02-2026,01-02-2026,Kerala,ALAPPUZHA RTO,KL4,motor_car,Ernakulam,MARUTI SUZUKI INDIA LTD,0,0,0,0,0,0,0,0,0,0,0,0,0,0,0,0,0,0,0,0,0,0,0,0,0,0,0,1,0,0,0,0,0,0,0,0,1
02-02-2026,01-02-2026,Kerala,ALATHUR SRTO,KL49,motor_car,Thrissur,HYUNDAI MOTOR INDIA LTD,0,0,0,0,1,0,0,0,0,0,0,0,0,0,0,0,0,0,0,0,0,0,0,0,0,0,0,0,0,0,0,0,0,0,0,0,1
02-02-2026,01-02-2026,Karnataka,ATHANI ARTO,KA71,motor_car,Belgaum,HYUNDAI MOTOR INDIA LTD,0,0,0,0,0,0,0,0,0,0,0,0,0,0,0,0,0,0,0,0,0,0,0,0,0,0,0,1,0,0,0,0,0,0,0,0,1
02-02-2026,01-02-2026,Kerala,ATTINGAL RTO,KL16,motor_car,Thiruvananthapuram,HYUNDAI MOTOR INDIA LTD,0,0,0,0,0,0,0,0,0,0,0,0,0,0,0,0,0,0,0,0,0,0,0,0,0,0,0,1,0,0,0,0,0,0,0,0,1
02-02-2026,01-02-2026,Kerala,ATTINGAL RTO,KL16,motor_car,Thiruvananthapuram,MAHINDRA ELECTRIC AUTOMOBILE LTD,0,0,0,0,0,0,0,0,0,0,0,0,0,0,0,0,0,0,0,0,0,0,0,0,0,0,0,0,0,0,0,0,0,1,0,0,1
02-02-2026,01-02-2026,Kerala,ATTINGAL RTO,KL16,motor_car,Thiruvananthapuram,MARUTI SUZUKI INDIA LTD,0,0,0,0,0,0,0,0,0,0,0,0,0,0,0,0,0,0,0,0,0,0,0,1,0,0,0,1,0,0,0,0,0,0,0,0,2
02-02-2026,01-02-2026,Karnataka,BAGALKOT  RTO,KA29,motor_cab,Bijapur,MAHINDRA & MAHINDRA LIMITED,0,0,0,0,1,0,0,0,0,0,0,0,0,0,0,0,0,0,0,0,0,0,0,0,0,0,0,0,0,0,0,0,0,0,0,0,1
02-02-2026,01-02-2026,Karnataka,BAGALKOT  RTO,KA29,motor_car,Bijapur,HYUNDAI MOTOR INDIA LTD,0,0,0,0,2,0,0,0,0,0,0,0,0,0,0,0,0,0,0,0,0,0,1,0,0,0,0,0,0,0,0,0,0,0,0,0,3
02-02-2026,01-02-2026,Karnataka,BAGALKOT  RTO,KA29,motor_car,Bijapur,MAHINDRA & MAHINDRA LIMITED,0,0,0,0,2,0,0,0,0,0,0,0,0,0,0,0,0,0,0,0,0,0,0,0,0,0,0,0,0,0,0,0,0,0,0,0,2
02-02-2026,01-02-2026,Karnataka,BAGALKOT  RTO,KA29,motor_car,Bijapur,MARUTI SUZUKI INDIA LTD,0,0,0,0,0,0,0,0,0,0,0,0,0,0,0,0,0,0,0,0,0,0,0,3,1,0,0,1,0,0,0,0,0,0,0,0,5
02-02-2026,01-02-2026,Karnataka,BENGALURU CENTRAL  RTO,KA1,motor_car,Bangalore,HYUNDAI MOTOR INDIA LTD,0,0,0,0,0,0,0,0,0,0,0,0,0,0,0,0,0,0,0,0,0,0,0,0,0,0,0,2,0,0,0,0,0,0,0,0,2
02-02-2026,01-02-2026,Karnataka,BENGALURU NORTH  RTO,KA4,motor_car,Bangalore,HYUNDAI MOTOR INDIA LTD,0,0,0,0,1,0,0,0,0,0,0,0,0,0,0,0,0,0,0,0,0,0,0,0,0,0,0,2,0,0,0,0,0,0,0,0,3
02-02-2026,01-02-2026,Karnataka,BENGALURU NORTH  RTO,KA4,motor_car,Bangalore,RENAULT INDIA PVT LTD,0,0,0,0,0,0,0,0,0,0,0,0,0,0,0,0,0,0,0,0,0,0,0,0,0,0,0,1,0,0,0,0,0,0,0,0,1
02-02-2026,01-02-2026,Karnataka,BENGALURU SOUTH  RTO,KA5,motor_car,Bangalore,HYUNDAI MOTOR INDIA LTD,0,0,0,0,0,0,0,0,0,0,0,0,0,0,0,0,0,0,0,0,0,0,0,0,0,0,0,1,0,0,0,0,0,0,0,0,1
02-02-2026,01-02-2026,Karnataka,BENGALURU WEST  RTO,KA2,motor_car,Bangalore,HYUNDAI MOTOR INDIA LTD,0,0,0,0,0,0,0,0,0,0,0,0,0,0,0,0,0,0,0,0,0,0,0,0,0,0,0,1,0,0,0,0,0,0,0,0,1
02-02-2026,01-02-2026,Karnataka,BIJAPUR  RTO,KA28,motor_car,Bijapur,HYUNDAI MOTOR INDIA LTD,0,0,0,0,1,0,0,0,0,0,0,0,0,0,0,0,0,0,0,0,0,0,0,0,0,0,0,1,0,0,0,0,0,0,0,0,2
02-02-2026,01-02-2026,Karnataka,BIJAPUR  RTO,KA28,motor_car,Bijapur,MARUTI SUZUKI INDIA LTD,0,0,0,0,0,0,0,0,0,0,0,0,0,0,0,0,0,0,0,0,0,0,0,2,0,0,0,3,0,0,0,0,0,1,0,0,6
02-02-2026,01-02-2026,Kerala,CHERTHALA SRTO,KL32,motor_car,Ernakulam,JSW MG MOTOR INDIA PVT LTD,0,0,0,0,0,0,0,0,0,0,0,0,0,0,0,0,0,0,0,0,0,0,0,0,0,0,0,0,0,0,0,0,0,1,0,0,1
02-02-2026,01-02-2026,Kerala,CHERTHALA SRTO,KL32,motor_car,Ernakulam,MARUTI SUZUKI INDIA LTD,0,0,0,0,0,0,0,0,0,0,0,0,0,0,0,0,0,0,0,0,0,0,0,0,0,0,0,1,0,0,0,0,0,0,0,0,1
02-02-2026,01-02-2026,Kerala,CHERTHALA SRTO,KL32,motor_car,Ernakulam,TATA MOTORS PASSENGER VEHICLES LTD,0,0,0,0,0,0,0,0,0,0,0,0,0,0,0,0,0,0,0,0,0,0,0,0,0,0,0,1,0,0,0,0,0,0,0,0,1
02-02-2026,01-02-2026,Kerala,CHERTHALA SRTO,KL32,motor_car,Ernakulam,TOYOTA KIRLOSKAR MOTOR PVT LTD,0,0,0,0,0,0,0,0,0,0,0,0,0,0,0,0,0,0,0,0,0,0,0,0,0,0,0,0,1,0,0,0,0,0,0,0,1
02-02-2026,01-02-2026,Karnataka,CHIKKODI  RTO,KA23,motor_car,Belgaum,HYUNDAI MOTOR INDIA LTD,0,0,0,0,0,0,0,0,0,0,0,0,0,0,0,0,0,0,0,0,0,0,0,0,0,0,0,1,0,0,0,0,0,0,0,0,1
02-02-2026,01-02-2026,Kerala,CHITTUR SRTO,KL70,motor_car,Thrissur,MARUTI SUZUKI INDIA LTD,0,0,0,0,0,0,0,0,0,0,0,0,0,0,0,0,0,0,0,0,0,0,0,0,0,0,0,1,0,0,0,0,0,0,0,0,1
02-02-2026,01-02-2026,Kerala,CHITTUR SRTO,KL70,motor_car,Thrissur,TATA MOTORS PASSENGER VEHICLES LTD,0,0,0,0,0,0,0,0,0,0,0,0,0,0,0,0,0,0,0,0,0,0,0,0,0,0,0,2,0,0,0,0,0,0,0,0,2
02-02-2026,01-02-2026,Karnataka,ELECTRONIC CITY  RTO,KA51,motor_cab,Bangalore,HYUNDAI MOTOR INDIA LTD,0,0,0,0,0,0,0,0,0,0,0,0,0,0,0,0,0,0,0,0,0,0,2,0,0,0,0,0,0,0,0,0,0,0,0,0,2
02-02-2026,01-02-2026,Kerala,ERNAKULAM RTO,KL7,motor_car,Ernakulam,KIA INDIA PRIVATE LIMITED,0,0,0,0,0,0,0,0,0,0,0,0,0,0,0,0,0,0,0,0,0,0,0,0,0,0,0,2,0,0,0,0,0,0,0,0,2
02-02-2026,01-02-2026,Karnataka,GOKAK  ARTO,KA49,motor_car,Belgaum,MAHINDRA & MAHINDRA LIMITED,0,0,0,0,1,0,0,0,0,0,0,0,0,0,0,0,0,0,0,0,0,0,0,0,0,0,0,0,0,0,0,0,0,0,0,0,1
02-02-2026,01-02-2026,Karnataka,HOSPET  RTO,KA35,motor_car,Hospet,NISSAN MOTOR INDIA PVT LTD,0,0,0,0,0,0,0,0,0,0,0,0,0,0,0,0,0,0,0,0,0,1,0,0,0,0,0,0,0,0,0,0,0,0,0,0,1
02-02-2026,01-02-2026,Kerala,IRITTY SRTO,KL78,motor_car,Kannur,HYUNDAI MOTOR INDIA LTD,0,0,0,0,0,0,0,0,0,0,0,0,0,0,0,0,0,0,0,0,0,0,0,0,0,0,0,1,0,0,0,0,0,0,0,0,1
02-02-2026,01-02-2026,Kerala,IRITTY SRTO,KL78,motor_car,Kannur,MARUTI SUZUKI INDIA LTD,0,0,0,0,0,0,0,0,0,0,0,0,0,0,0,0,0,0,0,0,0,0,0,0,0,0,0,4,0,0,0,0,0,0,0,0,4
02-02-2026,01-02-2026,Kerala,IRITTY SRTO,KL78,motor_car,Kannur,TATA MOTORS PASSENGER VEHICLES LTD,0,0,0,0,0,0,0,0,0,0,0,0,0,0,0,0,0,0,0,0,0,0,0,0,0,0,0,2,0,0,0,0,0,0,0,0,2
02-02-2026,01-02-2026,Kerala,IRITTY SRTO,KL78,motor_car,Kannur,TATA PASSENGER ELECTRIC MOBILITY LTD,0,0,0,0,0,0,0,0,0,0,0,0,0,0,0,0,0,0,0,0,0,0,0,0,0,0,0,0,0,0,0,0,0,1,0,0,1
02-02-2026,01-02-2026,Karnataka,JAMKHANDI  ARTO,KA48,motor_cab,Bijapur,MARUTI SUZUKI INDIA LTD,0,0,0,0,0,0,0,0,0,0,0,0,0,0,0,0,0,0,0,0,0,0,0,1,0,0,0,0,0,0,0,0,0,0,0,0,1
02-02-2026,01-02-2026,Karnataka,KALABURAGI  RTO,KA32,motor_cab,Kalaburagi,TOYOTA KIRLOSKAR MOTOR PVT LTD,0,0,0,0,0,0,0,0,0,0,0,0,0,0,0,0,0,0,0,0,0,0,0,1,0,0,0,0,0,0,0,0,0,0,0,0,1
02-02-2026,01-02-2026,Karnataka,KALABURAGI  RTO,KA32,motor_car,Kalaburagi,MARUTI SUZUKI INDIA LTD,0,0,0,0,0,0,0,0,0,0,0,0,0,0,0,0,0,0,0,0,0,0,0,1,0,0,0,0,0,0,0,0,0,0,0,0,1
02-02-2026,01-02-2026,Kerala,KANHANGAD SRTO,KL60,motor_car,Kannur,MARUTI SUZUKI INDIA LTD,0,0,0,0,0,0,0,0,0,0,0,0,0,0,0,0,0,0,0,0,0,0,0,0,0,0,0,4,1,0,0,0,0,0,0,0,5
02-02-2026,01-02-2026,Kerala,KANHANGAD SRTO,KL60,motor_car,Kannur,TATA PASSENGER ELECTRIC MOBILITY LTD,0,0,0,0,0,0,0,0,0,0,0,0,0,0,0,0,0,0,0,0,0,0,0,0,0,0,0,0,0,0,0,0,0,1,0,0,1
02-02-2026,01-02-2026,Kerala,KANNUR RTO,KL13,motor_car,Kannur,TATA PASSENGER ELECTRIC MOBILITY LTD,0,0,0,0,0,0,0,0,0,0,0,0,0,0,0,0,0,0,0,0,0,0,0,0,0,0,0,0,0,0,0,0,0,1,0,0,1
02-02-2026,01-02-2026,Kerala,KAYAMKULAM SRTO,KL29,motor_car,Ernakulam,HYUNDAI MOTOR INDIA LTD,0,0,0,0,0,0,0,0,0,0,0,0,0,0,0,0,0,0,0,0,0,0,0,0,0,0,0,1,0,0,0,0,0,0,0,0,1
02-02-2026,01-02-2026,Kerala,KAYAMKULAM SRTO,KL29,motor_car,Ernakulam,MARUTI SUZUKI INDIA LTD,0,0,0,0,0,0,0,0,0,0,0,0,0,0,0,0,0,0,0,0,0,0,0,0,0,0,0,2,0,0,0,0,0,0,0,0,2
02-02-2026,01-02-2026,Kerala,KODUVALLY SRTO,KL57,motor_car,Kozhikode,HYUNDAI MOTOR INDIA LTD,0,0,0,0,0,0,0,0,0,0,0,0,0,0,0,0,0,0,0,0,0,0,0,0,0,0,0,1,0,0,0,0,0,0,0,0,1
02-02-2026,01-02-2026,Kerala,KODUVALLY SRTO,KL57,motor_car,Kozhikode,MARUTI SUZUKI INDIA LTD,0,0,0,0,0,0,0,0,0,0,0,0,0,0,0,0,0,0,0,0,0,1,0,0,0,0,0,5,0,0,0,0,0,0,0,0,6
02-02-2026,01-02-2026,Kerala,KODUVALLY SRTO,KL57,motor_car,Kozhikode,TATA MOTORS PASSENGER VEHICLES LTD,0,0,0,0,0,0,0,0,0,0,0,0,0,0,0,0,0,0,0,0,0,0,0,0,0,0,0,1,0,0,0,0,0,0,0,0,1
02-02-2026,01-02-2026,Kerala,KODUVALLY SRTO,KL57,motor_car,Kozhikode,TOYOTA KIRLOSKAR MOTOR PVT LTD,0,0,0,0,0,0,0,0,0,0,0,0,0,0,0,0,0,0,0,0,0,0,0,0,0,0,0,0,1,0,0,0,0,0,0,0,1
02-02-2026,01-02-2026,Kerala,KOLLAM RTO,KL2,motor_cab,Thiruvananthapuram,MARUTI SUZUKI INDIA LTD,0,0,0,0,0,0,0,0,0,0,0,0,0,0,0,0,0,0,0,0,0,0,0,1,0,0,0,0,0,0,0,0,0,0,0,0,1
02-02-2026,01-02-2026,Kerala,KOLLAM RTO,KL2,motor_car,Thiruvananthapuram,TATA MOTORS PASSENGER VEHICLES LTD,0,0,0,0,1,0,0,0,0,0,0,0,0,0,0,0,0,0,0,0,0,0,0,0,0,0,0,2,0,0,0,0,0,0,0,0,3
02-02-2026,01-02-2026,Kerala,KOLLAM RTO,KL2,motor_car,Thiruvananthapuram,TATA PASSENGER ELECTRIC MOBILITY LTD,0,0,0,0,0,0,0,0,0,0,0,0,0,0,0,0,0,0,0,0,0,0,0,0,0,0,0,0,0,0,0,0,0,4,0,0,4
02-02-2026,01-02-2026,Kerala,KOTTAYAM RTO,KL5,motor_car,Kottayam,HYUNDAI MOTOR INDIA LTD,0,0,0,0,0,0,0,0,0,0,0,0,0,0,0,0,0,0,0,0,0,0,0,0,0,0,0,1,0,0,0,0,0,0,0,0,1
02-02-2026,01-02-2026,Kerala,KOTTAYAM RTO,KL5,motor_car,Kottayam,KIA INDIA PRIVATE LIMITED,0,0,0,0,0,0,0,0,0,0,0,0,0,0,0,0,0,0,0,0,0,0,0,0,0,0,0,1,0,0,0,0,0,0,0,0,1
02-02-2026,01-02-2026,Kerala,KOTTAYAM RTO,KL5,motor_car,Kottayam,MARUTI SUZUKI INDIA LTD,0,0,0,0,0,0,0,0,0,0,0,0,0,0,0,0,0,0,0,0,0,0,0,0,1,0,0,11,0,0,0,0,0,0,0,0,12
02-02-2026,01-02-2026,Kerala,KOTTAYAM RTO,KL5,motor_car,Kottayam,NISSAN MOTOR INDIA PVT LTD,0,0,0,0,0,0,0,0,0,0,0,0,0,0,0,0,0,0,0,0,0,1,0,0,0,0,0,0,0,0,0,0,0,0,0,0,1
02-02-2026,01-02-2026,Kerala,KOTTAYAM RTO,KL5,motor_car,Kottayam,RENAULT INDIA PVT LTD,0,0,0,0,0,0,0,0,0,0,0,0,0,0,0,0,0,0,0,0,0,0,0,0,0,0,0,1,0,0,0,0,0,0,0,0,1
02-02-2026,01-02-2026,Kerala,KOTTAYAM RTO,KL5,motor_car,Kottayam,TATA MOTORS PASSENGER VEHICLES LTD,0,0,0,0,0,0,0,0,0,0,0,0,0,0,0,0,0,0,0,0,0,0,0,0,0,0,0,2,0,0,0,0,0,0,0,0,2
02-02-2026,01-02-2026,Kerala,KOTTAYAM RTO,KL5,motor_car,Kottayam,TATA PASSENGER ELECTRIC MOBILITY LTD,0,0,0,0,0,0,0,0,0,0,0,0,0,0,0,0,0,0,0,0,0,0,0,0,0,0,0,0,0,0,0,0,0,1,0,0,1
02-02-2026,01-02-2026,Kerala,MATTANCHERRY SRTO,KL43,motor_car,Ernakulam,HYUNDAI MOTOR INDIA LTD,0,0,0,0,0,0,0,0,0,0,0,0,0,0,0,0,0,0,0,0,0,0,0,0,0,0,0,1,0,0,0,0,0,0,0,0,1
02-02-2026,01-02-2026,Kerala,MATTANCHERRY SRTO,KL43,motor_car,Ernakulam,MAHINDRA & MAHINDRA LIMITED,0,0,0,0,1,0,0,0,0,0,0,0,0,0,0,0,0,0,0,0,0,0,0,0,0,0,0,0,0,0,0,0,0,0,0,0,1
02-02-2026,01-02-2026,Kerala,MATTANCHERRY SRTO,KL43,motor_car,Ernakulam,MARUTI SUZUKI INDIA LTD,0,0,0,0,0,0,0,0,0,0,0,0,0,0,0,0,0,0,0,0,0,0,0,0,1,0,0,1,0,0,0,0,0,0,0,0,2
02-02-2026,01-02-2026,Kerala,MUVATTUPUZHA RTO,KL17,motor_car,Ernakulam,JSW MG MOTOR INDIA PVT LTD,0,0,0,0,0,0,0,0,0,0,0,0,0,0,0,0,0,0,0,0,0,0,0,0,0,0,0,0,0,0,0,0,0,1,0,0,1
02-02-2026,01-02-2026,Kerala,MUVATTUPUZHA RTO,KL17,motor_car,Ernakulam,KIA INDIA PRIVATE LIMITED,0,0,0,0,0,0,0,0,0,0,0,0,0,0,0,0,0,0,0,0,0,0,0,0,0,0,0,1,0,0,0,0,0,0,0,0,1
02-02-2026,01-02-2026,Kerala,MUVATTUPUZHA RTO,KL17,motor_car,Ernakulam,MARUTI SUZUKI INDIA LTD,0,0,0,0,0,0,0,0,0,0,0,0,0,0,0,0,0,0,0,0,0,0,0,0,0,0,0,2,0,0,0,0,0,0,0,0,2
02-02-2026,01-02-2026,Kerala,MUVATTUPUZHA RTO,KL17,motor_car,Ernakulam,RENAULT INDIA PVT LTD,0,0,0,0,0,0,0,0,0,0,0,0,0,0,0,0,0,0,0,0,0,0,0,0,0,0,0,1,0,0,0,0,0,0,0,0,1
02-02-2026,01-02-2026,Kerala,MUVATTUPUZHA RTO,KL17,motor_car,Ernakulam,TATA MOTORS PASSENGER VEHICLES LTD,0,0,0,0,0,0,0,0,0,0,0,0,0,0,0,0,0,0,0,0,0,0,0,0,0,0,0,1,0,0,0,0,0,0,0,0,1
02-02-2026,01-02-2026,Kerala,NEDUMANGADU SRTO,KL21,motor_car,Thiruvananthapuram,JSW MG MOTOR INDIA PVT LTD,0,0,0,0,0,0,0,0,0,0,0,0,0,0,0,0,0,0,0,0,0,0,0,0,0,0,0,0,0,0,0,0,0,1,0,0,1
02-02-2026,01-02-2026,Kerala,NEDUMANGADU SRTO,KL21,motor_car,Thiruvananthapuram,MARUTI SUZUKI INDIA LTD,0,0,0,0,0,0,0,0,0,0,0,0,0,0,0,0,0,0,0,0,0,0,0,0,0,0,0,2,0,0,0,0,0,0,0,0,2
02-02-2026,01-02-2026,Kerala,NEDUMANGADU SRTO,KL21,motor_car,Thiruvananthapuram,NISSAN MOTOR INDIA PVT LTD,0,0,0,0,0,0,0,0,0,0,0,0,0,0,0,0,0,0,0,0,0,1,0,0,0,0,0,0,0,0,0,0,0,0,0,0,1
02-02-2026,01-02-2026,Karnataka,NELAMANGALA  RTO,KA52,motor_car,Bangalore,HYUNDAI MOTOR INDIA LTD,0,0,0,0,1,0,0,0,0,0,0,0,0,0,0,0,0,0,0,0,0,0,0,0,0,0,0,0,0,0,0,0,0,0,0,0,1
02-02-2026,01-02-2026,Kerala,OTTAPPALAM SRTO,KL51,motor_car,Thrissur,HYUNDAI MOTOR INDIA LTD,0,0,0,0,0,0,0,0,0,0,0,0,0,0,0,0,0,0,0,0,0,0,0,0,0,0,0,1,0,0,0,0,0,0,0,0,1
02-02-2026,01-02-2026,Kerala,OTTAPPALAM SRTO,KL51,motor_car,Thrissur,MAHINDRA & MAHINDRA LIMITED,0,0,0,0,0,0,0,0,0,0,0,0,0,0,0,0,0,0,0,0,0,1,0,0,0,0,0,0,0,0,0,0,0,0,0,0,1
02-02-2026,01-02-2026,Kerala,OTTAPPALAM SRTO,KL51,motor_car,Thrissur,TATA MOTORS PASSENGER VEHICLES LTD,0,0,0,0,0,0,0,0,0,0,0,0,0,0,0,0,0,0,0,0,0,0,0,0,0,0,0,1,0,0,0,0,0,0,0,0,1
02-02-2026,01-02-2026,Kerala,PALAI SRTO,KL35,motor_car,Kottayam,MARUTI SUZUKI INDIA LTD,0,0,0,0,0,0,0,0,0,0,0,0,0,0,0,0,0,0,0,0,0,0,0,0,0,0,0,3,0,0,0,0,0,0,0,0,3
02-02-2026,01-02-2026,Kerala,PALAI SRTO,KL35,motor_car,Kottayam,TATA PASSENGER ELECTRIC MOBILITY LTD,0,0,0,0,0,0,0,0,0,0,0,0,0,0,0,0,0,0,0,0,0,0,0,0,0,0,0,0,0,0,0,0,0,1,0,0,1
02-02-2026,01-02-2026,Kerala,PALAKKAD RTO,KL9,motor_car,Thrissur,HYUNDAI MOTOR INDIA LTD,0,0,0,0,0,0,0,0,0,0,0,0,0,0,0,0,0,0,0,0,0,0,0,0,0,0,0,2,0,0,0,0,0,0,0,0,2
02-02-2026,01-02-2026,Kerala,PARASSALA SRTO,KL19,motor_car,Thiruvananthapuram,MARUTI SUZUKI INDIA LTD,0,0,0,0,0,0,0,0,0,0,0,0,0,0,0,0,0,0,0,0,0,0,0,1,0,0,0,0,0,0,0,0,0,0,0,0,1
02-02-2026,01-02-2026,Kerala,PATHANAMTHITTA RTO,KL3,motor_car,Kottayam,MARUTI SUZUKI INDIA LTD,0,0,0,0,0,0,0,0,0,0,0,0,0,0,0,0,0,0,0,0,0,0,0,0,0,0,0,1,0,0,0,0,0,0,0,0,1
02-02-2026,01-02-2026,Kerala,PATHANAMTHITTA RTO,KL3,motor_car,Kottayam,SKODA AUTO VOLKSWAGEN INDIA PVT LTD,0,0,0,0,0,0,0,0,0,0,0,0,0,0,0,0,0,0,0,0,0,0,0,0,0,0,0,1,0,0,0,0,0,0,0,0,1
02-02-2026,01-02-2026,Kerala,PAYYANNUR SRTO,KL86,motor_car,Kannur,HYUNDAI MOTOR INDIA LTD,0,0,0,0,0,0,0,0,0,0,0,0,0,0,0,0,0,0,0,0,0,0,0,0,0,0,0,1,0,0,0,0,0,0,0,0,1
02-02-2026,01-02-2026,Kerala,PAYYANNUR SRTO,KL86,motor_car,Kannur,MARUTI SUZUKI INDIA LTD,0,0,0,0,0,0,0,0,0,0,0,0,0,0,0,0,0,0,0,0,0,0,0,0,3,0,0,4,0,0,0,0,0,0,0,0,7
02-02-2026,01-02-2026,Kerala,PAYYANNUR SRTO,KL86,motor_car,Kannur,NISSAN MOTOR INDIA PVT LTD,0,0,0,0,0,0,0,0,0,0,0,0,0,0,0,0,0,0,0,0,0,1,0,0,0,0,0,0,0,0,0,0,0,0,0,0,1
02-02-2026,01-02-2026,Kerala,PAYYANNUR SRTO,KL86,motor_car,Kannur,TOYOTA KIRLOSKAR MOTOR PVT LTD,0,0,0,0,0,0,0,0,0,0,0,0,0,0,0,0,0,0,0,0,0,0,0,0,0,0,0,1,0,0,0,0,0,0,0,0,1
02-02-2026,01-02-2026,Kerala,PERUMBAVUR SRTO,KL40,motor_car,Ernakulam,MARUTI SUZUKI INDIA LTD,0,0,0,0,0,0,0,0,0,0,0,0,0,0,0,0,0,0,0,0,0,0,0,0,0,0,0,1,0,0,0,0,0,0,0,0,1
02-02-2026,01-02-2026,Kerala,RAMANATTUKARA (FEROKE) SRTO,KL85,motor_car,Kozhikode,MARUTI SUZUKI INDIA LTD,0,0,0,0,0,0,0,0,0,0,0,0,0,0,0,0,0,0,0,0,0,0,0,0,0,0,0,2,0,0,0,0,0,0,0,0,2
02-02-2026,01-02-2026,Karnataka,RANIBENNUR ARTO,KA68,motor_cab,Hubli,MARUTI SUZUKI INDIA LTD,0,0,0,0,0,0,0,0,0,0,0,0,0,0,0,0,0,0,0,0,0,0,0,1,0,0,0,0,0,0,0,0,0,0,0,0,1
02-02-2026,01-02-2026,Karnataka,REGIONAL TRANSPORT OFFICE BELAGAVI,KA22,motor_cab,Belgaum,HYUNDAI MOTOR INDIA LTD,0,0,0,0,0,0,0,0,0,0,0,0,0,0,0,0,0,0,0,0,0,0,1,0,0,0,0,0,0,0,0,0,0,0,0,0,1
02-02-2026,01-02-2026,Karnataka,REGIONAL TRANSPORT OFFICE BELAGAVI,KA22,motor_car,Belgaum,HYUNDAI MOTOR INDIA LTD,0,0,0,0,2,0,0,0,0,0,0,0,0,0,0,0,0,0,0,0,0,0,0,0,0,0,0,5,0,0,0,0,0,0,0,0,7
02-02-2026,01-02-2026,Karnataka,REGIONAL TRANSPORT OFFICE BELAGAVI,KA22,motor_car,Belgaum,MAHINDRA & MAHINDRA LIMITED,0,0,0,0,2,0,0,0,0,0,0,0,0,0,0,0,0,0,0,0,0,0,0,0,0,0,0,0,0,0,0,0,0,0,0,0,2
02-02-2026,01-02-2026,Karnataka,REGIONAL TRANSPORT OFFICE BELAGAVI,KA22,motor_car,Belgaum,MARUTI SUZUKI INDIA LTD,0,0,0,0,0,0,0,0,0,0,0,0,0,0,0,0,0,0,0,0,0,0,0,1,1,0,0,1,0,0,0,0,0,0,0,0,3
02-02-2026,01-02-2026,Karnataka,REGIONAL TRANSPORT OFFICE BELAGAVI,KA22,motor_car,Belgaum,SKODA AUTO VOLKSWAGEN INDIA PVT LTD,0,0,0,0,0,0,0,0,0,0,0,0,0,0,0,0,0,0,0,0,0,1,0,0,0,0,0,0,0,0,0,0,0,0,0,0,1
02-02-2026,01-02-2026,Karnataka,REGIONAL TRANSPORT OFFICE BELAGAVI,KA22,motor_car,Belgaum,TATA MOTORS PASSENGER VEHICLES LTD,0,0,0,0,1,0,0,0,0,0,0,0,0,0,0,0,0,0,0,0,0,0,0,0,0,0,0,0,0,0,0,0,0,0,0,0,1
02-02-2026,01-02-2026,Karnataka,REGIONAL TRANSPORT OFFICE BELAGAVI,KA22,motor_car,Belgaum,TOYOTA KIRLOSKAR MOTOR PVT LTD,0,0,0,0,1,0,0,0,0,0,0,0,0,0,0,0,0,0,0,0,0,0,0,0,0,0,0,0,1,0,0,0,0,0,0,1,3
02-02-2026,01-02-2026,Karnataka,SAGAR  ARTO,KA15,motor_car,Shimoga,TOYOTA KIRLOSKAR MOTOR PVT LTD,0,0,0,0,0,0,0,0,0,0,0,0,0,0,0,0,0,0,0,0,0,0,0,0,0,0,0,0,0,0,0,0,0,0,0,1,1
02-02-2026,01-02-2026,Karnataka,SIRSI  RTO,KA31,motor_car,Hubli,TATA PASSENGER ELECTRIC MOBILITY LTD,0,0,0,0,0,0,0,0,0,0,0,0,0,0,0,0,0,0,0,0,0,0,0,0,0,0,0,0,0,0,0,0,0,1,0,0,1
02-02-2026,01-02-2026,Kerala,THALIPARAMBA SRTO,KL59,motor_car,Kannur,MARUTI SUZUKI INDIA LTD,0,0,0,0,0,0,0,0,0,0,0,0,0,0,0,0,0,0,0,0,0,0,0,0,0,0,0,7,0,0,0,0,0,0,0,0,7
02-02-2026,01-02-2026,Kerala,THALIPARAMBA SRTO,KL59,motor_car,Kannur,TOYOTA KIRLOSKAR MOTOR PVT LTD,0,0,0,0,0,0,0,0,0,0,0,0,0,0,0,0,0,0,0,0,0,0,0,0,0,0,0,1,0,0,0,0,0,0,0,0,1
02-02-2026,01-02-2026,Kerala,THIRUR SRTO,KL55,motor_car,Malappuram,HONDA CARS INDIA LTD,0,0,0,0,0,0,0,0,0,0,0,0,0,0,0,0,0,0,0,0,0,1,0,0,0,0,0,0,0,0,0,0,0,0,0,0,1
02-02-2026,01-02-2026,Kerala,THIRUR SRTO,KL55,motor_car,Malappuram,MARUTI SUZUKI INDIA LTD,0,0,0,0,0,0,0,0,0,0,0,0,0,0,0,0,0,0,0,0,0,0,0,1,0,0,0,0,0,0,0,0,0,0,0,0,1
02-02-2026,01-02-2026,Kerala,THIRUR SRTO,KL55,motor_car,Malappuram,TATA MOTORS PASSENGER VEHICLES LTD,0,0,0,0,1,0,0,0,0,0,0,0,0,0,0,0,0,0,0,0,0,0,0,0,0,0,0,3,0,0,0,0,0,0,0,0,4
02-02-2026,01-02-2026,Kerala,THIRURANGADI SRTO,KL65,motor_car,Malappuram,MARUTI SUZUKI INDIA LTD,0,0,0,0,0,0,0,0,0,0,0,0,0,0,0,0,0,0,0,0,0,0,0,0,0,0,0,2,0,0,0,0,0,0,0,0,2
02-02-2026,01-02-2026,Kerala,THIRUVALLA SRTO,KL27,motor_car,Kottayam,MAHINDRA & MAHINDRA LIMITED,0,0,0,0,0,0,0,0,0,0,0,0,0,0,0,0,0,0,0,0,0,0,0,0,0,0,0,1,0,0,0,0,0,0,0,0,1
02-02-2026,01-02-2026,Kerala,THIRUVALLA SRTO,KL27,motor_car,Kottayam,MARUTI SUZUKI INDIA LTD,0,0,0,0,0,0,0,0,0,0,0,0,0,0,0,0,0,0,0,0,0,0,0,0,0,0,0,1,0,0,0,0,0,0,0,0,1
02-02-2026,01-02-2026,Kerala,THODUPUZHA SRTO,KL38,motor_car,Ernakulam,MARUTI SUZUKI INDIA LTD,0,0,0,0,0,0,0,0,0,0,0,0,0,0,0,0,0,0,0,0,0,0,0,0,0,0,0,1,0,0,0,0,0,0,0,0,1
02-02-2026,01-02-2026,Kerala,TRIPUNITHURA SRTO,KL39,motor_car,Ernakulam,HONDA CARS INDIA LTD,0,0,0,0,0,0,0,0,0,0,0,0,0,0,0,0,0,0,0,0,0,1,0,0,0,0,0,0,0,0,0,0,0,0,0,0,1
02-02-2026,01-02-2026,Kerala,TRIPUNITHURA SRTO,KL39,motor_car,Ernakulam,MARUTI SUZUKI INDIA LTD,0,0,0,0,0,0,0,0,0,0,0,0,0,0,0,0,0,0,0,0,0,0,0,0,0,0,0,1,0,0,0,0,0,0,0,0,1
02-02-2026,01-02-2026,Kerala,TRIPUNITHURA SRTO,KL39,motor_car,Ernakulam,TATA MOTORS PASSENGER VEHICLES LTD,0,0,0,0,0,0,0,0,0,0,0,0,0,0,0,0,0,0,0,0,0,0,0,0,0,0,0,1,0,0,0,0,0,0,0,0,1
02-02-2026,01-02-2026,Kerala,TRIPUNITHURA SRTO,KL39,motor_car,Ernakulam,TOYOTA KIRLOSKAR MOTOR PVT LTD,0,0,0,0,0,0,0,0,0,0,0,0,0,0,0,0,0,0,0,0,0,0,0,0,0,0,0,0,1,0,0,0,0,0,0,0,1
02-02-2026,01-02-2026,Kerala,TRIVANDRUM RTO,KL1,motor_car,Thiruvananthapuram,HONDA CARS INDIA LTD,0,0,0,0,0,0,0,0,0,0,0,0,0,0,0,0,0,0,0,0,0,1,0,0,0,0,0,0,0,0,0,0,0,0,0,0,1
02-02-2026,01-02-2026,Kerala,TRIVANDRUM RTO,KL1,motor_car,Thiruvananthapuram,JSW MG MOTOR INDIA PVT LTD,0,0,0,0,0,0,0,0,0,0,0,0,0,0,0,0,0,0,0,0,0,0,0,0,0,0,0,1,0,0,0,0,0,1,0,0,2
02-02-2026,01-02-2026,Kerala,TRIVANDRUM RTO,KL1,motor_car,Thiruvananthapuram,KIA INDIA PRIVATE LIMITED,0,0,0,0,0,0,0,0,0,0,0,0,0,0,0,0,0,0,0,0,0,0,0,0,0,0,0,1,0,0,0,0,0,0,0,0,1
02-02-2026,01-02-2026,Kerala,TRIVANDRUM RTO,KL1,motor_car,Thiruvananthapuram,MAHINDRA & MAHINDRA LIMITED,0,0,0,0,0,0,0,0,0,0,0,0,0,0,0,0,0,0,0,0,0,1,0,0,0,0,0,0,0,0,0,0,0,0,0,0,1
02-02-2026,01-02-2026,Kerala,TRIVANDRUM RTO,KL1,motor_car,Thiruvananthapuram,MARUTI SUZUKI INDIA LTD,0,0,0,0,0,0,0,0,0,0,0,0,0,0,0,0,0,0,0,0,0,0,0,1,3,0,0,9,0,0,0,0,0,0,0,0,13
02-02-2026,01-02-2026,Kerala,TRIVANDRUM RTO,KL1,motor_car,Thiruvananthapuram,SKODA AUTO VOLKSWAGEN INDIA PVT LTD,0,0,0,0,0,0,0,0,0,0,0,0,0,0,0,0,0,0,0,0,0,1,0,0,0,0,0,0,0,0,0,0,0,0,0,0,1
02-02-2026,01-02-2026,Kerala,TRIVANDRUM RTO,KL1,motor_car,Thiruvananthapuram,TATA MOTORS PASSENGER VEHICLES LTD,0,0,0,0,1,0,0,0,0,0,0,0,0,0,0,0,0,0,0,0,0,0,0,0,0,0,0,5,0,0,0,0,0,0,0,0,6
02-02-2026,01-02-2026,Kerala,TRIVANDRUM RTO,KL1,motor_car,Thiruvananthapuram,TATA PASSENGER ELECTRIC MOBILITY LTD,0,0,0,0,0,0,0,0,0,0,0,0,0,0,0,0,0,0,0,0,0,0,0,0,0,0,0,0,0,0,0,0,0,3,0,0,3
02-02-2026,01-02-2026,Kerala,VAIKOM SRTO,KL36,motor_car,Kottayam,MARUTI SUZUKI INDIA LTD,0,0,0,0,0,0,0,0,0,0,0,0,0,0,0,0,0,0,0,0,0,0,0,0,0,0,0,1,0,0,0,0,0,0,0,0,1
02-02-2026,01-02-2026,Kerala,VANDIPERIYAR SRTO,KL37,motor_car,Ernakulam,MARUTI SUZUKI INDIA LTD,0,0,0,0,0,0,0,0,0,0,0,0,0,0,0,0,0,0,0,0,0,0,0,0,1,0,0,3,0,0,0,0,0,0,0,0,4
02-02-2026,01-02-2026,Kerala,VANDIPERIYAR SRTO,KL37,motor_car,Ernakulam,TATA MOTORS PASSENGER VEHICLES LTD,0,0,0,0,0,0,0,0,0,0,0,0,0,0,0,0,0,0,0,0,0,0,0,0,0,0,0,2,0,0,0,0,0,0,0,0,2
02-02-2026,01-02-2026,Kerala,VARKALA SRTO,KL81,motor_car,Thiruvananthapuram,HYUNDAI MOTOR INDIA LTD,0,0,0,0,0,0,0,0,0,0,0,0,0,0,0,0,0,0,0,0,0,0,0,0,0,0,0,1,0,0,0,0,0,0,0,0,1
02-02-2026,01-02-2026,Kerala,WADAKKANCHERRY SRTO,KL48,motor_car,Thrissur,MARUTI SUZUKI INDIA LTD,0,0,0,0,0,0,0,0,0,0,0,0,0,0,0,0,0,0,0,0,0,0,0,0,0,0,0,1,0,0,0,0,0,0,0,0,1
