created_at,State,RTO,OEM,CNG ONLY,DIESEL,DIESEL/HYBRID,ELECTRIC(BOV),Petrol,Petrol /CNG,Petrol /HYBRID,PURE EV,STRONG HYBRID EV,PETROL/ETHANOL,Total,EV
2025-11-07T12:55:29.171067+00:00,Tamil Nadu,ALANGULAM,BMW INDIA PVT LTD,0,1,0,0,0,0,0,0,0,0,1,0
2025-11-07T12:55:29.171067+00:00,Tamil Nadu,ALANGULAM,HYUNDAI MOTOR INDIA LTD,0,0,0,0,0,0,0,0,0,1,1,0
2025-11-07T12:55:29.171067+00:00,Tamil Nadu,ALANGULAM,JSW MG MOTOR INDIA PVT LTD,0,0,0,0,0,0,0,1,0,0,1,1
2025-11-07T12:55:29.171067+00:00,Tamil Nadu,ALANGULAM,KIA INDIA PRIVATE LIMITED,0,0,0,0,0,0,0,0,0,1,1,0
2025-11-07T12:55:29.171067+00:00,Tamil Nadu,ALANGULAM,MAHINDRA ELECTRIC AUTOMOBILE LTD,0,0,0,0,0,0,0,1,0,0,1,1
2025-11-07T12:55:29.171067+00:00,Tamil Nadu,ALANGULAM,MAHINDRA & MAHINDRA LIMITED,0,2,0,0,0,0,0,0,0,0,2,0
2025-11-07T12:55:29.171067+00:00,Tamil Nadu,ALANGULAM,MARUTI SUZUKI INDIA LTD,0,0,0,0,4,0,0,0,0,0,4,0
2025-11-07T12:55:29.171067+00:00,Tamil Nadu,ALANGULAM,NISSAN MOTOR INDIA PVT LTD,0,0,0,0,1,0,0,0,0,0,1,0
2025-11-07T12:55:29.171067+00:00,Tamil Nadu,ALANGULAM,RENAULT INDIA PVT LTD,0,0,0,0,0,0,0,0,0,4,4,0
2025-11-07T12:55:29.171067+00:00,Tamil Nadu,ALANGULAM,STELLANTIS INDIA PVT LTD,0,1,0,0,0,0,0,0,0,0,1,0
2025-11-07T12:55:29.171067+00:00,Tamil Nadu,ALANGULAM,TATA MOTORS PASSENGER VEHICLES LTD,0,1,0,0,0,0,0,0,0,2,3,0
2025-11-07T12:55:29.171067+00:00,Tamil Nadu,ALANGULAM,TOYOTA KIRLOSKAR MOTOR PVT LTD,0,0,0,0,0,0,0,0,1,1,2,0
2025-11-07T12:55:29.191985+00:00,Tamil Nadu,ARUPPUKOTTAI,HYUNDAI MOTOR INDIA LTD,0,0,0,0,1,0,0,0,0,1,2,0
2025-11-07T12:55:29.191985+00:00,Tamil Nadu,ARUPPUKOTTAI,KIA INDIA PRIVATE LIMITED,0,0,0,0,0,0,0,0,0,1,1,0
2025-11-07T12:55:29.191985+00:00,Tamil Nadu,ARUPPUKOTTAI,MAHINDRA & MAHINDRA LIMITED,0,2,0,0,0,0,0,0,0,0,2,0
2025-11-07T12:55:29.191985+00:00,Tamil Nadu,ARUPPUKOTTAI,MARUTI SUZUKI INDIA LTD,0,0,0,0,7,2,1,0,0,0,10,0
2025-11-07T12:55:29.191985+00:00,Tamil Nadu,ARUPPUKOTTAI,RENAULT INDIA PVT LTD,0,0,0,0,0,0,0,0,0,1,1,0
2025-11-07T12:55:29.191985+00:00,Tamil Nadu,ARUPPUKOTTAI,SKODA AUTO VOLKSWAGEN INDIA PVT LTD,0,0,0,0,2,0,0,0,0,0,2,0
2025-11-07T12:55:29.191985+00:00,Tamil Nadu,ARUPPUKOTTAI,TATA MOTORS PASSENGER VEHICLES LTD,0,2,0,0,0,0,0,0,0,2,4,0
2025-11-07T12:55:29.191985+00:00,Tamil Nadu,ARUPPUKOTTAI,TOYOTA KIRLOSKAR MOTOR PVT LTD,0,0,0,0,0,0,1,0,0,2,3,0
2025-11-07T12:55:29.250591+00:00,Tamil Nadu,SANKARANKOVIL RTO,HYUNDAI MOTOR INDIA LTD,0,0,0,0,0,0,0,0,0,1,1,0
2025-11-07T12:55:29.250591+00:00,Tamil Nadu,SANKARANKOVIL RTO,KIA INDIA PRIVATE LIMITED,0,3,0,0,0,0,0,0,0,2,5,0
2025-11-07T12:55:29.250591+00:00,Tamil Nadu,SANKARANKOVIL RTO,MAHINDRA & MAHINDRA LIMITED,0,1,0,0,0,0,0,0,0,0,1,0
2025-11-07T12:55:29.250591+00:00,Tamil Nadu,SANKARANKOVIL RTO,MARUTI SUZUKI INDIA LTD,0,0,0,0,2,0,0,0,0,0,2,0
2025-11-07T12:55:29.250591+00:00,Tamil Nadu,SANKARANKOVIL RTO,RENAULT INDIA PVT LTD,0,0,0,0,0,0,0,0,0,1,1,0
2025-11-07T12:55:29.250591+00:00,Tamil Nadu,SANKARANKOVIL RTO,TATA MOTORS PASSENGER VEHICLES LTD,0,1,0,0,0,0,0,0,0,0,1,0
2025-11-07T12:55:29.269243+00:00,Tamil Nadu,ATTUR RTO,HYUNDAI MOTOR INDIA LTD,0,0,0,0,0,1,0,0,0,3,4,0
2025-11-07T12:55:29.269243+00:00,Tamil Nadu,ATTUR RTO,KIA INDIA PRIVATE LIMITED,0,1,0,0,0,0,0,0,0,0,1,0
2025-11-07T12:55:29.269243+00:00,Tamil Nadu,ATTUR RTO,MAHINDRA & MAHINDRA LIMITED,0,3,0,0,1,0,0,0,0,0,4,0
2025-11-07T12:55:29.269243+00:00,Tamil Nadu,ATTUR RTO,MARUTI SUZUKI INDIA LTD,0,0,0,0,8,4,3,0,0,0,15,0
2025-11-07T12:55:29.269243+00:00,Tamil Nadu,ATTUR RTO,SKODA AUTO VOLKSWAGEN INDIA PVT LTD,0,0,0,0,1,0,0,0,0,0,1,0
2025-11-07T12:55:29.269243+00:00,Tamil Nadu,ATTUR RTO,TOYOTA KIRLOSKAR MOTOR PVT LTD,0,3,0,0,0,1,0,0,0,1,5,0
2025-11-07T12:55:29.292219+00:00,Tamil Nadu,AVINASHI,BYD INDIA PRIVATE LIMITED,0,0,0,0,0,0,0,1,0,0,1,1
2025-11-07T12:55:29.292219+00:00,Tamil Nadu,AVINASHI,HYUNDAI MOTOR INDIA LTD,0,0,0,0,0,0,0,0,0,5,5,0
2025-11-07T12:55:29.292219+00:00,Tamil Nadu,AVINASHI,KIA INDIA PRIVATE LIMITED,0,0,0,0,0,0,0,0,0,1,1,0
2025-11-07T12:55:29.292219+00:00,Tamil Nadu,AVINASHI,MAHINDRA ELECTRIC AUTOMOBILE LTD,0,0,0,0,0,0,0,1,0,0,1,1
2025-11-07T12:55:29.292219+00:00,Tamil Nadu,AVINASHI,MAHINDRA & MAHINDRA LIMITED,0,4,0,0,1,0,0,0,0,0,5,0
2025-11-07T12:55:29.292219+00:00,Tamil Nadu,AVINASHI,MARUTI SUZUKI INDIA LTD,0,0,0,0,11,1,0,0,0,0,12,0
2025-11-07T12:55:29.292219+00:00,Tamil Nadu,AVINASHI,RENAULT INDIA PVT LTD,0,0,0,0,0,0,0,0,0,2,2,0
2025-11-07T12:55:29.292219+00:00,Tamil Nadu,AVINASHI,SKODA AUTO VOLKSWAGEN INDIA PVT LTD,0,0,0,0,0,0,0,0,0,2,2,0
2025-11-07T12:55:29.292219+00:00,Tamil Nadu,AVINASHI,TATA MOTORS PASSENGER VEHICLES LTD,0,1,0,0,0,0,0,0,0,5,6,0
2025-11-07T12:55:29.292219+00:00,Tamil Nadu,AVINASHI,TATA PASSENGER ELECTRIC MOBILITY LTD,0,0,0,1,0,0,0,3,0,0,4,4
2025-11-07T12:55:29.292219+00:00,Tamil Nadu,AVINASHI,TOYOTA KIRLOSKAR MOTOR PVT LTD,0,3,0,0,0,0,1,0,2,9,15,0
2025-11-07T12:55:29.313017+00:00,Tamil Nadu,BATLAGUNDU,HONDA CARS INDIA LTD,0,0,0,0,1,0,0,0,0,0,1,0
2025-11-07T12:55:29.313017+00:00,Tamil Nadu,BATLAGUNDU,HYUNDAI MOTOR INDIA LTD,0,1,0,0,0,0,0,0,0,1,2,0
2025-11-07T12:55:29.313017+00:00,Tamil Nadu,BATLAGUNDU,KIA INDIA PRIVATE LIMITED,0,0,0,0,0,0,0,1,0,0,1,1
2025-11-07T12:55:29.313017+00:00,Tamil Nadu,BATLAGUNDU,MAHINDRA & MAHINDRA LIMITED,0,2,0,0,1,0,0,0,0,0,3,0
2025-11-07T12:55:29.313017+00:00,Tamil Nadu,BATLAGUNDU,MARUTI SUZUKI INDIA LTD,0,0,0,0,8,1,0,0,0,0,9,0
2025-11-07T12:55:29.313017+00:00,Tamil Nadu,BATLAGUNDU,TATA MOTORS PASSENGER VEHICLES LTD,0,0,0,0,0,0,0,0,0,1,1,0
2025-11-07T12:55:29.313017+00:00,Tamil Nadu,BATLAGUNDU,TOYOTA KIRLOSKAR MOTOR PVT LTD,0,0,0,0,0,0,0,0,0,3,3,0
2025-11-07T12:55:29.334095+00:00,Tamil Nadu,BHAVANI,HONDA CARS INDIA LTD,0,0,0,0,2,0,0,0,0,0,2,0
2025-11-07T12:55:29.334095+00:00,Tamil Nadu,BHAVANI,HYUNDAI MOTOR INDIA LTD,0,0,0,0,0,1,0,0,0,4,5,0
2025-11-07T12:55:29.334095+00:00,Tamil Nadu,BHAVANI,JSW MG MOTOR INDIA PVT LTD,0,0,0,1,0,0,0,0,0,0,1,1
2025-11-07T12:55:29.334095+00:00,Tamil Nadu,BHAVANI,KIA INDIA PRIVATE LIMITED,0,2,0,0,0,0,0,0,0,4,6,0
2025-11-07T12:55:29.334095+00:00,Tamil Nadu,BHAVANI,MAHINDRA & MAHINDRA LIMITED,0,0,0,0,1,0,0,0,0,1,2,0
2025-11-07T12:55:29.334095+00:00,Tamil Nadu,BHAVANI,MARUTI SUZUKI INDIA LTD,0,0,0,0,13,3,0,0,0,0,16,0
2025-11-07T12:55:29.334095+00:00,Tamil Nadu,BHAVANI,NISSAN MOTOR INDIA PVT LTD,0,0,0,0,1,0,0,0,0,0,1,0
2025-11-07T12:55:29.334095+00:00,Tamil Nadu,BHAVANI,SKODA AUTO VOLKSWAGEN INDIA PVT LTD,0,0,0,0,1,0,0,0,0,1,2,0
2025-11-07T12:55:29.334095+00:00,Tamil Nadu,BHAVANI,STELLANTIS AUTOMOBILES INDIA PVT LTD,0,0,0,0,0,0,0,0,0,1,1,0
2025-11-07T12:55:29.334095+00:00,Tamil Nadu,BHAVANI,TATA MOTORS PASSENGER VEHICLES LTD,0,0,0,0,0,1,0,0,0,1,2,0
2025-11-07T12:55:29.334095+00:00,Tamil Nadu,BHAVANI,TATA PASSENGER ELECTRIC MOBILITY LTD,0,0,0,1,0,0,0,0,0,0,1,1
2025-11-07T12:55:29.334095+00:00,Tamil Nadu,BHAVANI,TOYOTA KIRLOSKAR MOTOR PVT LTD,0,0,0,0,0,0,0,0,1,6,7,0
2025-11-07T12:55:29.356177+00:00,Tamil Nadu,CHENGALPATTU RTO,HONDA CARS INDIA LTD,0,0,0,0,1,0,0,0,0,0,1,0
2025-11-07T12:55:29.356177+00:00,Tamil Nadu,CHENGALPATTU RTO,HYUNDAI MOTOR INDIA LTD,0,1,0,0,0,1,0,0,0,6,8,0
2025-11-07T12:55:29.356177+00:00,Tamil Nadu,CHENGALPATTU RTO,KIA INDIA PRIVATE LIMITED,0,2,0,0,0,0,0,0,0,3,5,0
2025-11-07T12:55:29.356177+00:00,Tamil Nadu,CHENGALPATTU RTO,MAHINDRA & MAHINDRA LIMITED,0,8,0,0,1,0,0,0,0,1,10,0
2025-11-07T12:55:29.356177+00:00,Tamil Nadu,CHENGALPATTU RTO,MARUTI SUZUKI INDIA LTD,0,0,0,0,8,11,5,0,0,0,24,0
2025-11-07T12:55:29.356177+00:00,Tamil Nadu,CHENGALPATTU RTO,RENAULT INDIA PVT LTD,0,0,0,0,0,0,0,0,0,7,7,0
2025-11-07T12:55:29.356177+00:00,Tamil Nadu,CHENGALPATTU RTO,SKODA AUTO VOLKSWAGEN INDIA PVT LTD,0,0,0,0,0,0,0,0,0,3,3,0
2025-11-07T12:55:29.356177+00:00,Tamil Nadu,CHENGALPATTU RTO,STELLANTIS AUTOMOBILES INDIA PVT LTD,0,0,0,0,0,0,0,0,0,1,1,0
2025-11-07T12:55:29.356177+00:00,Tamil Nadu,CHENGALPATTU RTO,TATA MOTORS PASSENGER VEHICLES LTD,0,1,0,0,0,1,0,0,0,8,10,0
2025-11-07T12:55:29.356177+00:00,Tamil Nadu,CHENGALPATTU RTO,TATA PASSENGER ELECTRIC MOBILITY LTD,0,0,0,1,0,0,0,0,0,0,1,1
2025-11-07T12:55:29.356177+00:00,Tamil Nadu,CHENGALPATTU RTO,TOYOTA KIRLOSKAR MOTOR PVT LTD,0,0,0,0,0,0,1,0,0,4,5,0
2025-11-07T12:55:29.376359+00:00,Tamil Nadu,CHENNAI RTO,HONDA CARS INDIA LTD,0,0,0,0,3,0,0,0,0,0,3,0
2025-11-07T12:55:29.376359+00:00,Tamil Nadu,CHENNAI RTO,HYUNDAI MOTOR INDIA LTD,0,0,0,0,0,0,0,1,0,8,9,1
2025-11-07T12:55:29.376359+00:00,Tamil Nadu,CHENNAI RTO,JSW MG MOTOR INDIA PVT LTD,0,0,0,0,0,0,0,2,0,0,2,2
2025-11-07T12:55:29.376359+00:00,Tamil Nadu,CHENNAI RTO,KIA INDIA PRIVATE LIMITED,0,2,0,0,0,0,0,0,0,10,12,0
2025-11-07T12:55:29.376359+00:00,Tamil Nadu,CHENNAI RTO,MAHINDRA ELECTRIC AUTOMOBILE LTD,0,0,0,0,0,0,0,1,0,0,1,1
2025-11-07T12:55:29.376359+00:00,Tamil Nadu,CHENNAI RTO,MAHINDRA & MAHINDRA LIMITED,0,1,0,0,1,0,0,0,0,0,2,0
2025-11-07T12:55:29.376359+00:00,Tamil Nadu,CHENNAI RTO,MARUTI SUZUKI INDIA LTD,0,0,0,0,12,1,3,0,0,0,16,0
2025-11-07T12:55:29.376359+00:00,Tamil Nadu,CHENNAI RTO,NISSAN MOTOR INDIA PVT LTD,0,0,0,0,2,0,0,0,0,0,2,0
2025-11-07T12:55:29.376359+00:00,Tamil Nadu,CHENNAI RTO,RENAULT INDIA PVT LTD,0,0,0,0,0,0,0,0,0,3,3,0
2025-11-07T12:55:29.376359+00:00,Tamil Nadu,CHENNAI RTO,SKODA AUTO VOLKSWAGEN INDIA PVT LTD,0,0,0,0,1,0,0,0,0,2,3,0
2025-11-07T12:55:29.376359+00:00,Tamil Nadu,CHENNAI RTO,TATA MOTORS PASSENGER VEHICLES LTD,0,0,0,0,0,0,0,0,0,4,4,0
2025-11-07T12:55:29.376359+00:00,Tamil Nadu,CHENNAI RTO,TATA PASSENGER ELECTRIC MOBILITY LTD,0,0,0,0,0,0,0,1,0,0,1,1
2025-11-07T12:55:29.376359+00:00,Tamil Nadu,CHENNAI RTO,TOYOTA KIRLOSKAR MOTOR PVT LTD,0,2,0,0,0,0,0,0,2,2,6,0
2025-11-07T12:55:29.399385+00:00,Tamil Nadu,CHENNAI RTO,HONDA CARS INDIA LTD,0,0,0,0,1,0,0,0,0,0,1,0
2025-11-07T12:55:29.399385+00:00,Tamil Nadu,CHENNAI RTO,HYUNDAI MOTOR INDIA LTD,0,1,0,0,1,0,0,0,0,2,4,0
2025-11-07T12:55:29.399385+00:00,Tamil Nadu,CHENNAI RTO,JSW MG MOTOR INDIA PVT LTD,0,0,0,0,0,0,0,1,0,0,1,1
2025-11-07T12:55:29.399385+00:00,Tamil Nadu,CHENNAI RTO,KIA INDIA PRIVATE LIMITED,0,1,0,0,0,0,0,0,0,2,3,0
2025-11-07T12:55:29.399385+00:00,Tamil Nadu,CHENNAI RTO,MAHINDRA & MAHINDRA LIMITED,0,5,0,0,1,0,0,0,0,1,7,0
2025-11-07T12:55:29.399385+00:00,Tamil Nadu,CHENNAI RTO,MARUTI SUZUKI INDIA LTD,0,0,0,0,3,4,1,0,0,0,8,0
2025-11-07T12:55:29.399385+00:00,Tamil Nadu,CHENNAI RTO,RENAULT INDIA PVT LTD,0,0,0,0,0,0,0,0,0,2,2,0
2025-11-07T12:55:29.399385+00:00,Tamil Nadu,CHENNAI RTO,SKODA AUTO VOLKSWAGEN INDIA PVT LTD,0,0,0,0,1,0,0,0,0,0,1,0
2025-11-07T12:55:29.399385+00:00,Tamil Nadu,CHENNAI RTO,TATA PASSENGER ELECTRIC MOBILITY LTD,0,0,0,0,0,0,0,1,0,0,1,1
2025-11-07T12:55:29.399385+00:00,Tamil Nadu,CHENNAI RTO,TOYOTA KIRLOSKAR MOTOR PVT LTD,0,1,0,0,0,0,0,0,0,1,2,0
2025-11-07T12:55:29.422226+00:00,Tamil Nadu,CHENNAI (NORTH,HYUNDAI MOTOR INDIA LTD,0,1,0,0,0,0,0,0,0,4,5,0
2025-11-07T12:55:29.422226+00:00,Tamil Nadu,CHENNAI (NORTH,KIA INDIA PRIVATE LIMITED,0,0,0,0,0,0,0,0,0,1,1,0
2025-11-07T12:55:29.422226+00:00,Tamil Nadu,CHENNAI (NORTH,MAHINDRA & MAHINDRA LIMITED,0,4,0,0,0,0,0,0,0,1,5,0
2025-11-07T12:55:29.422226+00:00,Tamil Nadu,CHENNAI (NORTH,MARUTI SUZUKI INDIA LTD,0,0,0,0,4,1,1,0,0,0,6,0
2025-11-07T12:55:29.422226+00:00,Tamil Nadu,CHENNAI (NORTH,MERCEDES-BENZ INDIA PVT LTD,0,0,0,0,0,0,1,0,0,0,1,0
2025-11-07T12:55:29.422226+00:00,Tamil Nadu,CHENNAI (NORTH,NISSAN MOTOR INDIA PVT LTD,0,0,0,0,1,0,0,0,0,0,1,0
2025-11-07T12:55:29.422226+00:00,Tamil Nadu,CHENNAI (NORTH,RENAULT INDIA PVT LTD,0,0,0,0,0,0,0,0,0,2,2,0
2025-11-07T12:55:29.422226+00:00,Tamil Nadu,CHENNAI (NORTH,STELLANTIS AUTOMOBILES INDIA PVT LTD,0,0,0,0,0,0,0,0,0,1,1,0
2025-11-07T12:55:29.422226+00:00,Tamil Nadu,CHENNAI (NORTH,TOYOTA KIRLOSKAR MOTOR PVT LTD,0,0,0,0,0,0,0,0,0,3,3,0
2025-11-07T12:55:29.443519+00:00,Tamil Nadu,CHENNAI RTO,BYD INDIA PRIVATE LIMITED,0,0,0,0,0,0,0,1,0,0,1,1
2025-11-07T12:55:29.443519+00:00,Tamil Nadu,CHENNAI RTO,HONDA CARS INDIA LTD,0,0,0,0,2,0,0,0,0,0,2,0
2025-11-07T12:55:29.443519+00:00,Tamil Nadu,CHENNAI RTO,HYUNDAI MOTOR INDIA LTD,0,1,0,0,0,0,0,1,0,10,12,1
2025-11-07T12:55:29.443519+00:00,Tamil Nadu,CHENNAI RTO,JSW MG MOTOR INDIA PVT LTD,0,0,0,0,0,0,0,4,0,0,4,4
2025-11-07T12:55:29.443519+00:00,Tamil Nadu,CHENNAI RTO,KIA INDIA PRIVATE LIMITED,0,1,0,0,0,0,0,0,0,9,10,0
2025-11-07T12:55:29.443519+00:00,Tamil Nadu,CHENNAI RTO,MAHINDRA ELECTRIC AUTOMOBILE LTD,0,0,0,0,0,0,0,1,0,0,1,1
2025-11-07T12:55:29.443519+00:00,Tamil Nadu,CHENNAI RTO,MAHINDRA & MAHINDRA LIMITED,0,4,0,0,4,0,0,0,0,0,8,0
2025-11-07T12:55:29.443519+00:00,Tamil Nadu,CHENNAI RTO,MARUTI SUZUKI INDIA LTD,0,0,0,0,15,4,3,0,0,0,22,0
2025-11-07T12:55:29.443519+00:00,Tamil Nadu,CHENNAI RTO,MERCEDES-BENZ INDIA PVT LTD,0,0,0,0,0,0,1,0,0,0,1,0
2025-11-07T12:55:29.443519+00:00,Tamil Nadu,CHENNAI RTO,NISSAN MOTOR INDIA PVT LTD,0,0,0,0,5,0,0,0,0,0,5,0
2025-11-07T12:55:29.443519+00:00,Tamil Nadu,CHENNAI RTO,RENAULT INDIA PVT LTD,0,0,0,0,0,0,0,0,0,2,2,0
2025-11-07T12:55:29.443519+00:00,Tamil Nadu,CHENNAI RTO,SKODA AUTO VOLKSWAGEN INDIA PVT LTD,0,0,0,0,0,0,0,0,0,4,4,0
2025-11-07T12:55:29.443519+00:00,Tamil Nadu,CHENNAI RTO,STELLANTIS AUTOMOBILES INDIA PVT LTD,0,0,0,0,0,0,0,0,0,1,1,0
2025-11-07T12:55:29.443519+00:00,Tamil Nadu,CHENNAI RTO,TATA MOTORS PASSENGER VEHICLES LTD,0,1,0,0,1,1,0,0,0,15,18,0
2025-11-07T12:55:29.443519+00:00,Tamil Nadu,CHENNAI RTO,TATA PASSENGER ELECTRIC MOBILITY LTD,0,0,0,1,0,0,0,1,0,0,2,2
2025-11-07T12:55:29.443519+00:00,Tamil Nadu,CHENNAI RTO,TOYOTA KIRLOSKAR MOTOR PVT LTD,0,0,0,0,0,0,2,0,1,4,7,0
2025-11-07T12:55:29.459747+00:00,Tamil Nadu,AMBASAMUTHIRAM,HYUNDAI MOTOR INDIA LTD,0,0,0,0,0,0,0,0,0,1,1,0
2025-11-07T12:55:29.459747+00:00,Tamil Nadu,AMBASAMUTHIRAM,KIA INDIA PRIVATE LIMITED,0,0,0,0,0,0,0,1,0,0,1,1
2025-11-07T12:55:29.459747+00:00,Tamil Nadu,AMBASAMUTHIRAM,MARUTI SUZUKI INDIA LTD,0,0,0,0,6,0,0,0,0,0,6,0
2025-11-07T12:55:29.459747+00:00,Tamil Nadu,AMBASAMUTHIRAM,SKODA AUTO VOLKSWAGEN INDIA PVT LTD,0,0,0,0,1,0,0,0,0,0,1,0
2025-11-07T12:55:29.459747+00:00,Tamil Nadu,AMBASAMUTHIRAM,STELLANTIS AUTOMOBILES INDIA PVT LTD,0,0,0,0,0,0,0,0,0,1,1,0
2025-11-07T12:55:29.459747+00:00,Tamil Nadu,AMBASAMUTHIRAM,TATA MOTORS PASSENGER VEHICLES LTD,0,0,0,0,0,0,0,0,0,1,1,0
2025-11-07T12:55:29.459747+00:00,Tamil Nadu,AMBASAMUTHIRAM,TOYOTA KIRLOSKAR MOTOR PVT LTD,0,0,0,0,0,0,0,0,0,2,2,0
2025-11-07T12:55:29.486676+00:00,Tamil Nadu,CHENNAI (SOUTH,HONDA CARS INDIA LTD,0,0,0,0,2,0,0,0,0,0,2,0
2025-11-07T12:55:29.486676+00:00,Tamil Nadu,CHENNAI (SOUTH,HYUNDAI MOTOR INDIA LTD,0,1,0,0,0,0,0,0,0,8,9,0
2025-11-07T12:55:29.486676+00:00,Tamil Nadu,CHENNAI (SOUTH,JSW MG MOTOR INDIA PVT LTD,0,0,0,0,0,0,0,1,0,0,1,1
2025-11-07T12:55:29.486676+00:00,Tamil Nadu,CHENNAI (SOUTH,KIA INDIA PRIVATE LIMITED,0,1,0,0,0,0,0,0,0,5,6,0
2025-11-07T12:55:29.486676+00:00,Tamil Nadu,CHENNAI (SOUTH,MAHINDRA & MAHINDRA LIMITED,0,3,0,0,0,0,0,0,0,0,3,0
2025-11-07T12:55:29.486676+00:00,Tamil Nadu,CHENNAI (SOUTH,MARUTI SUZUKI INDIA LTD,0,0,0,0,5,3,2,0,0,0,10,0
2025-11-07T12:55:29.486676+00:00,Tamil Nadu,CHENNAI (SOUTH,MERCEDES-BENZ INDIA PVT LTD,0,0,1,0,0,0,0,0,0,0,1,0
2025-11-07T12:55:29.486676+00:00,Tamil Nadu,CHENNAI (SOUTH,NISSAN MOTOR INDIA PVT LTD,0,0,0,0,1,0,0,0,0,0,1,0
2025-11-07T12:55:29.486676+00:00,Tamil Nadu,CHENNAI (SOUTH,RENAULT INDIA PVT LTD,0,0,0,0,0,0,0,0,0,2,2,0
2025-11-07T12:55:29.486676+00:00,Tamil Nadu,CHENNAI (SOUTH,SKODA AUTO VOLKSWAGEN INDIA PVT LTD,0,0,0,0,0,0,0,0,0,1,1,0
2025-11-07T12:55:29.486676+00:00,Tamil Nadu,CHENNAI (SOUTH,TATA MOTORS PASSENGER VEHICLES LTD,0,1,0,0,0,0,0,0,0,1,2,0
2025-11-07T12:55:29.486676+00:00,Tamil Nadu,CHENNAI (SOUTH,TOYOTA KIRLOSKAR MOTOR PVT LTD,0,0,0,0,0,0,2,0,1,1,4,0
2025-11-07T12:55:29.486676+00:00,Tamil Nadu,CHENNAI (SOUTH,VOLKSWAGEN AG,0,0,0,0,1,0,0,0,0,0,1,0
2025-11-07T12:55:29.508928+00:00,Tamil Nadu,CHENNAI RTO,BYD INDIA PRIVATE LIMITED,0,0,0,0,0,0,0,1,0,0,1,1
2025-11-07T12:55:29.508928+00:00,Tamil Nadu,CHENNAI RTO,HONDA CARS INDIA LTD,0,0,0,0,10,0,0,0,0,0,10,0
2025-11-07T12:55:29.508928+00:00,Tamil Nadu,CHENNAI RTO,HYUNDAI MOTOR INDIA LTD,0,1,0,0,1,0,0,0,0,17,19,0
2025-11-07T12:55:29.508928+00:00,Tamil Nadu,CHENNAI RTO,ISUZU MOTORS INDIA PVT LTD,0,1,0,0,0,0,0,0,0,0,1,0
2025-11-07T12:55:29.508928+00:00,Tamil Nadu,CHENNAI RTO,JSW MG MOTOR INDIA PVT LTD,0,0,0,0,0,0,0,1,0,0,1,1
2025-11-07T12:55:29.508928+00:00,Tamil Nadu,CHENNAI RTO,KIA INDIA PRIVATE LIMITED,0,0,0,0,0,0,0,1,0,4,5,1
2025-11-07T12:55:29.508928+00:00,Tamil Nadu,CHENNAI RTO,MAHINDRA ELECTRIC AUTOMOBILE LTD,0,0,0,0,0,0,0,4,0,0,4,4
2025-11-07T12:55:29.508928+00:00,Tamil Nadu,CHENNAI RTO,MAHINDRA & MAHINDRA LIMITED,0,1,0,0,2,0,0,0,0,2,5,0
2025-11-07T12:55:29.508928+00:00,Tamil Nadu,CHENNAI RTO,MARUTI SUZUKI INDIA LTD,0,0,0,0,10,4,3,0,1,1,19,0
2025-11-07T12:55:29.508928+00:00,Tamil Nadu,CHENNAI RTO,MERCEDES-BENZ INDIA PVT LTD,0,0,0,0,0,0,0,0,0,1,1,0
2025-11-07T12:55:29.508928+00:00,Tamil Nadu,CHENNAI RTO,NISSAN MOTOR INDIA PVT LTD,0,0,0,0,3,0,0,0,0,0,3,0
2025-11-07T12:55:29.508928+00:00,Tamil Nadu,CHENNAI RTO,RENAULT INDIA PVT LTD,0,0,0,0,0,0,0,0,0,1,1,0
2025-11-07T12:55:29.508928+00:00,Tamil Nadu,CHENNAI RTO,SKODA AUTO VOLKSWAGEN INDIA PVT LTD,0,0,0,0,6,0,0,0,0,0,6,0
2025-11-07T12:55:29.508928+00:00,Tamil Nadu,CHENNAI RTO,STELLANTIS AUTOMOBILES INDIA PVT LTD,0,0,0,0,0,0,0,0,0,1,1,0
2025-11-07T12:55:29.508928+00:00,Tamil Nadu,CHENNAI RTO,TATA MOTORS PASSENGER VEHICLES LTD,0,2,0,0,1,0,0,0,0,7,10,0
2025-11-07T12:55:29.508928+00:00,Tamil Nadu,CHENNAI RTO,TOYOTA KIRLOSKAR MOTOR PVT LTD,0,0,0,0,0,0,2,0,3,0,5,0
2025-11-07T12:55:29.534619+00:00,Tamil Nadu,CHENNAI (SOUTH,BMW INDIA PVT LTD,0,0,0,0,0,0,0,0,0,1,1,0
2025-11-07T12:55:29.534619+00:00,Tamil Nadu,CHENNAI (SOUTH,BYD INDIA PRIVATE LIMITED,0,0,0,0,0,0,0,1,0,0,1,1
2025-11-07T12:55:29.534619+00:00,Tamil Nadu,CHENNAI (SOUTH,HONDA CARS INDIA LTD,0,0,0,0,8,0,0,0,0,0,8,0
2025-11-07T12:55:29.534619+00:00,Tamil Nadu,CHENNAI (SOUTH,HYUNDAI MOTOR INDIA LTD,0,0,0,0,1,1,0,0,0,9,11,0
2025-11-07T12:55:29.534619+00:00,Tamil Nadu,CHENNAI (SOUTH,JAGUAR LAND ROVER INDIA LIMITED,0,0,0,0,0,0,0,0,0,1,1,0
2025-11-07T12:55:29.534619+00:00,Tamil Nadu,CHENNAI (SOUTH,JSW MG MOTOR INDIA PVT LTD,0,0,0,0,0,0,0,1,0,1,2,1
2025-11-07T12:55:29.534619+00:00,Tamil Nadu,CHENNAI (SOUTH,KIA INDIA PRIVATE LIMITED,0,6,0,0,0,0,0,2,0,11,19,2
2025-11-07T12:55:29.534619+00:00,Tamil Nadu,CHENNAI (SOUTH,MAHINDRA ELECTRIC AUTOMOBILE LTD,0,0,0,0,0,0,0,3,0,0,3,3
2025-11-07T12:55:29.534619+00:00,Tamil Nadu,CHENNAI (SOUTH,MAHINDRA & MAHINDRA LIMITED,0,5,0,0,2,0,0,0,0,3,10,0
2025-11-07T12:55:29.534619+00:00,Tamil Nadu,CHENNAI (SOUTH,MARUTI SUZUKI INDIA LTD,0,0,0,0,13,4,2,0,0,0,19,0
2025-11-07T12:55:29.534619+00:00,Tamil Nadu,CHENNAI (SOUTH,MERCEDES-BENZ INDIA PVT LTD,0,1,0,0,0,0,0,0,0,0,1,0
2025-11-07T12:55:29.534619+00:00,Tamil Nadu,CHENNAI (SOUTH,RENAULT INDIA PVT LTD,0,0,0,0,0,0,0,0,0,2,2,0
2025-11-07T12:55:29.534619+00:00,Tamil Nadu,CHENNAI (SOUTH,SKODA AUTO VOLKSWAGEN INDIA PVT LTD,0,0,0,0,5,0,0,0,0,3,8,0
2025-11-07T12:55:29.534619+00:00,Tamil Nadu,CHENNAI (SOUTH,TATA MOTORS PASSENGER VEHICLES LTD,0,3,0,0,0,1,0,0,0,12,16,0
2025-11-07T12:55:29.534619+00:00,Tamil Nadu,CHENNAI (SOUTH,TATA PASSENGER ELECTRIC MOBILITY LTD,0,0,0,1,0,0,0,0,0,0,1,1
2025-11-07T12:55:29.534619+00:00,Tamil Nadu,CHENNAI (SOUTH,TOYOTA KIRLOSKAR MOTOR PVT LTD,0,1,0,0,1,0,1,0,2,7,12,0
2025-11-07T12:55:29.556776+00:00,Tamil Nadu,CHENNAI RTO,BMW INDIA PVT LTD,0,2,0,0,0,0,0,2,0,0,4,2
2025-11-07T12:55:29.556776+00:00,Tamil Nadu,CHENNAI RTO,HONDA CARS INDIA LTD,0,0,0,0,2,0,0,0,0,0,2,0
2025-11-07T12:55:29.556776+00:00,Tamil Nadu,CHENNAI RTO,HYUNDAI MOTOR INDIA LTD,0,0,0,0,0,0,0,0,0,18,18,0
2025-11-07T12:55:29.556776+00:00,Tamil Nadu,CHENNAI RTO,JSW MG MOTOR INDIA PVT LTD,0,0,0,1,0,0,0,1,0,0,2,2
2025-11-07T12:55:29.556776+00:00,Tamil Nadu,CHENNAI RTO,KIA INDIA PRIVATE LIMITED,0,2,0,0,0,0,0,1,0,8,11,1
2025-11-07T12:55:29.556776+00:00,Tamil Nadu,CHENNAI RTO,MAHINDRA ELECTRIC AUTOMOBILE LTD,0,0,0,0,0,0,0,2,0,0,2,2
2025-11-07T12:55:29.556776+00:00,Tamil Nadu,CHENNAI RTO,MAHINDRA & MAHINDRA LIMITED,0,9,0,0,1,0,0,0,0,0,10,0
2025-11-07T12:55:29.556776+00:00,Tamil Nadu,CHENNAI RTO,MARUTI SUZUKI INDIA LTD,0,0,0,0,14,2,2,0,0,1,19,0
2025-11-07T12:55:29.556776+00:00,Tamil Nadu,CHENNAI RTO,MERCEDES-BENZ INDIA PVT LTD,0,1,1,0,0,0,0,0,0,0,2,0
2025-11-07T12:55:29.556776+00:00,Tamil Nadu,CHENNAI RTO,NISSAN MOTOR INDIA PVT LTD,0,0,0,0,5,0,0,0,0,0,5,0
2025-11-07T12:55:29.556776+00:00,Tamil Nadu,CHENNAI RTO,SKODA AUTO VOLKSWAGEN INDIA PVT LTD,0,0,0,0,3,0,1,0,0,3,7,0
2025-11-07T12:55:29.556776+00:00,Tamil Nadu,CHENNAI RTO,STELLANTIS AUTOMOBILES INDIA PVT LTD,0,0,0,0,0,0,0,0,0,2,2,0
2025-11-07T12:55:29.556776+00:00,Tamil Nadu,CHENNAI RTO,TATA MOTORS PASSENGER VEHICLES LTD,0,4,0,0,0,0,0,0,0,4,8,0
2025-11-07T12:55:29.556776+00:00,Tamil Nadu,CHENNAI RTO,TATA PASSENGER ELECTRIC MOBILITY LTD,0,0,0,1,0,0,0,2,0,0,3,3
2025-11-07T12:55:29.556776+00:00,Tamil Nadu,CHENNAI RTO,TOYOTA KIRLOSKAR MOTOR PVT LTD,0,0,0,0,0,0,1,0,5,3,9,0
2025-11-07T12:55:29.576518+00:00,Tamil Nadu,CHEYYAR,HYUNDAI MOTOR INDIA LTD,0,0,0,0,0,0,0,0,0,1,1,0
2025-11-07T12:55:29.576518+00:00,Tamil Nadu,CHEYYAR,KIA INDIA PRIVATE LIMITED,0,0,0,0,0,0,0,0,0,1,1,0
2025-11-07T12:55:29.576518+00:00,Tamil Nadu,CHEYYAR,MAHINDRA & MAHINDRA LIMITED,0,0,0,0,1,0,0,0,0,0,1,0
2025-11-07T12:55:29.576518+00:00,Tamil Nadu,CHEYYAR,MARUTI SUZUKI INDIA LTD,0,0,0,0,0,3,1,0,0,0,4,0
2025-11-07T12:55:29.576518+00:00,Tamil Nadu,CHEYYAR,SKODA AUTO VOLKSWAGEN INDIA PVT LTD,0,0,0,0,1,0,0,0,0,0,1,0
2025-11-07T12:55:29.576518+00:00,Tamil Nadu,CHEYYAR,TOYOTA KIRLOSKAR MOTOR PVT LTD,0,1,0,0,1,0,1,0,0,0,3,0
2025-11-07T12:55:29.595794+00:00,Tamil Nadu,CHIDAMBARAM RTO,HONDA CARS INDIA LTD,0,0,0,0,2,0,0,0,0,0,2,0
2025-11-07T12:55:29.595794+00:00,Tamil Nadu,CHIDAMBARAM RTO,MAHINDRA & MAHINDRA LIMITED,0,1,0,0,1,0,0,0,0,0,2,0
2025-11-07T12:55:29.595794+00:00,Tamil Nadu,CHIDAMBARAM RTO,MARUTI SUZUKI INDIA LTD,0,0,0,0,2,4,0,0,0,0,6,0
2025-11-07T12:55:29.595794+00:00,Tamil Nadu,CHIDAMBARAM RTO,TATA MOTORS PASSENGER VEHICLES LTD,0,1,0,0,0,2,0,0,0,0,3,0
2025-11-07T12:55:29.595794+00:00,Tamil Nadu,CHIDAMBARAM RTO,TOYOTA KIRLOSKAR MOTOR PVT LTD,0,1,0,0,1,0,0,0,0,0,2,0
2025-11-07T12:55:29.618597+00:00,Tamil Nadu,COIMBATORE RTO,HONDA CARS INDIA LTD,0,0,0,0,6,0,0,0,0,0,6,0
2025-11-07T12:55:29.618597+00:00,Tamil Nadu,COIMBATORE RTO,HYUNDAI MOTOR INDIA LTD,0,1,0,0,0,1,0,0,0,17,19,0
2025-11-07T12:55:29.618597+00:00,Tamil Nadu,COIMBATORE RTO,JSW MG MOTOR INDIA PVT LTD,0,0,0,0,0,0,0,1,0,0,1,1
2025-11-07T12:55:29.618597+00:00,Tamil Nadu,COIMBATORE RTO,KIA INDIA PRIVATE LIMITED,0,1,0,0,0,0,0,1,0,8,10,1
2025-11-07T12:55:29.618597+00:00,Tamil Nadu,COIMBATORE RTO,MAHINDRA ELECTRIC AUTOMOBILE LTD,0,0,0,0,0,0,0,1,0,0,1,1
2025-11-07T12:55:29.618597+00:00,Tamil Nadu,COIMBATORE RTO,MAHINDRA & MAHINDRA LIMITED,0,5,0,0,2,0,0,0,0,0,7,0
2025-11-07T12:55:29.618597+00:00,Tamil Nadu,COIMBATORE RTO,MARUTI SUZUKI INDIA LTD,0,0,0,0,10,10,0,0,0,0,20,0
2025-11-07T12:55:29.618597+00:00,Tamil Nadu,COIMBATORE RTO,MERCEDES-BENZ INDIA PVT LTD,0,0,2,0,0,0,0,0,0,0,2,0
2025-11-07T12:55:29.618597+00:00,Tamil Nadu,COIMBATORE RTO,RENAULT INDIA PVT LTD,0,0,0,0,0,0,0,0,0,1,1,0
2025-11-07T12:55:29.618597+00:00,Tamil Nadu,COIMBATORE RTO,SKODA AUTO VOLKSWAGEN INDIA PVT LTD,0,0,0,0,6,0,0,0,0,6,12,0
2025-11-07T12:55:29.618597+00:00,Tamil Nadu,COIMBATORE RTO,STELLANTIS AUTOMOBILES INDIA PVT LTD,0,0,0,0,0,0,0,0,0,1,1,0
2025-11-07T12:55:29.618597+00:00,Tamil Nadu,COIMBATORE RTO,TATA MOTORS PASSENGER VEHICLES LTD,0,0,0,0,0,0,0,0,0,6,6,0
2025-11-07T12:55:29.618597+00:00,Tamil Nadu,COIMBATORE RTO,TOYOTA KIRLOSKAR MOTOR PVT LTD,0,3,0,0,0,0,0,0,11,4,18,0
2025-11-07T12:55:29.641019+00:00,Tamil Nadu,COIMBATORE RTO,HONDA CARS INDIA LTD,0,0,0,0,1,0,0,0,0,0,1,0
2025-11-07T12:55:29.641019+00:00,Tamil Nadu,COIMBATORE RTO,HYUNDAI MOTOR INDIA LTD,0,4,0,0,1,2,0,0,0,17,24,0
2025-11-07T12:55:29.641019+00:00,Tamil Nadu,COIMBATORE RTO,JSW MG MOTOR INDIA PVT LTD,0,0,0,0,0,0,0,2,0,0,2,2
2025-11-07T12:55:29.641019+00:00,Tamil Nadu,COIMBATORE RTO,KIA INDIA PRIVATE LIMITED,0,3,0,0,0,0,0,0,0,10,13,0
2025-11-07T12:55:29.641019+00:00,Tamil Nadu,COIMBATORE RTO,MAHINDRA & MAHINDRA LIMITED,0,12,0,0,5,0,0,0,0,1,18,0
2025-11-07T12:55:29.641019+00:00,Tamil Nadu,COIMBATORE RTO,MARUTI SUZUKI INDIA LTD,0,0,0,0,19,11,2,0,1,0,33,0
2025-11-07T12:55:29.641019+00:00,Tamil Nadu,COIMBATORE RTO,MERCEDES-BENZ INDIA PVT LTD,0,0,0,0,0,0,0,1,0,0,1,1
2025-11-07T12:55:29.641019+00:00,Tamil Nadu,COIMBATORE RTO,NISSAN MOTOR INDIA PVT LTD,0,0,0,0,3,0,0,0,0,0,3,0
2025-11-07T12:55:29.641019+00:00,Tamil Nadu,COIMBATORE RTO,RENAULT INDIA PVT LTD,0,0,0,0,0,0,0,0,0,1,1,0
2025-11-07T12:55:29.641019+00:00,Tamil Nadu,COIMBATORE RTO,SKODA AUTO VOLKSWAGEN INDIA PVT LTD,0,0,0,0,4,0,0,0,0,4,8,0
2025-11-07T12:55:29.641019+00:00,Tamil Nadu,COIMBATORE RTO,TATA MOTORS PASSENGER VEHICLES LTD,0,3,0,0,0,1,0,0,0,18,22,0
2025-11-07T12:55:29.641019+00:00,Tamil Nadu,COIMBATORE RTO,TATA PASSENGER ELECTRIC MOBILITY LTD,0,0,0,2,0,0,0,3,0,0,5,5
2025-11-07T12:55:29.641019+00:00,Tamil Nadu,COIMBATORE RTO,TOYOTA KIRLOSKAR MOTOR PVT LTD,0,3,1,0,0,0,0,0,3,9,16,0
2025-11-07T12:55:29.662350+00:00,Tamil Nadu,COIMBATORE RTO,HONDA CARS INDIA LTD,0,0,0,0,2,0,0,0,0,0,2,0
2025-11-07T12:55:29.662350+00:00,Tamil Nadu,COIMBATORE RTO,HYUNDAI MOTOR INDIA LTD,0,2,0,0,2,1,0,0,0,3,8,0
2025-11-07T12:55:29.662350+00:00,Tamil Nadu,COIMBATORE RTO,JAGUAR LAND ROVER INDIA LIMITED,0,1,0,0,0,0,0,0,0,0,1,0
2025-11-07T12:55:29.662350+00:00,Tamil Nadu,COIMBATORE RTO,JSW MG MOTOR INDIA PVT LTD,0,0,0,1,0,0,0,0,0,0,1,1
2025-11-07T12:55:29.662350+00:00,Tamil Nadu,COIMBATORE RTO,KIA INDIA PRIVATE LIMITED,0,2,0,0,0,0,0,0,0,6,8,0
2025-11-07T12:55:29.662350+00:00,Tamil Nadu,COIMBATORE RTO,MAHINDRA & MAHINDRA LIMITED,0,8,0,0,3,0,0,0,0,0,11,0
2025-11-07T12:55:29.662350+00:00,Tamil Nadu,COIMBATORE RTO,MARUTI SUZUKI INDIA LTD,0,0,0,0,21,4,1,0,1,0,27,0
2025-11-07T12:55:29.662350+00:00,Tamil Nadu,COIMBATORE RTO,MERCEDES-BENZ INDIA PVT LTD,0,0,2,0,0,0,0,0,0,0,2,0
2025-11-07T12:55:29.662350+00:00,Tamil Nadu,COIMBATORE RTO,NISSAN MOTOR INDIA PVT LTD,0,0,0,0,1,0,0,0,0,0,1,0
2025-11-07T12:55:29.662350+00:00,Tamil Nadu,COIMBATORE RTO,RENAULT INDIA PVT LTD,0,0,0,0,0,0,0,0,0,2,2,0
2025-11-07T12:55:29.662350+00:00,Tamil Nadu,COIMBATORE RTO,SKODA AUTO VOLKSWAGEN INDIA PVT LTD,0,0,0,0,4,0,0,0,0,2,6,0
2025-11-07T12:55:29.662350+00:00,Tamil Nadu,COIMBATORE RTO,STELLANTIS AUTOMOBILES INDIA PVT LTD,0,0,0,0,0,0,0,0,0,2,2,0
2025-11-07T12:55:29.662350+00:00,Tamil Nadu,COIMBATORE RTO,TATA MOTORS PASSENGER VEHICLES LTD,0,1,0,0,0,0,0,0,0,8,9,0
2025-11-07T12:55:29.662350+00:00,Tamil Nadu,COIMBATORE RTO,TATA PASSENGER ELECTRIC MOBILITY LTD,0,0,0,1,0,0,0,3,0,0,4,4
2025-11-07T12:55:29.662350+00:00,Tamil Nadu,COIMBATORE RTO,TOYOTA KIRLOSKAR MOTOR PVT LTD,0,0,0,0,0,0,1,0,1,11,13,0
2025-11-07T12:55:29.685848+00:00,Tamil Nadu,COIMBATORE RTO,BMW INDIA PVT LTD,0,1,0,0,0,0,0,0,0,0,1,0
2025-11-07T12:55:29.685848+00:00,Tamil Nadu,COIMBATORE RTO,HONDA CARS INDIA LTD,0,0,0,0,2,0,0,0,0,0,2,0
2025-11-07T12:55:29.685848+00:00,Tamil Nadu,COIMBATORE RTO,HYUNDAI MOTOR INDIA LTD,0,3,0,0,1,1,0,0,0,8,13,0
2025-11-07T12:55:29.685848+00:00,Tamil Nadu,COIMBATORE RTO,JAGUAR LAND ROVER INDIA LIMITED,0,0,0,0,0,0,0,0,0,1,1,0
2025-11-07T12:55:29.685848+00:00,Tamil Nadu,COIMBATORE RTO,JSW MG MOTOR INDIA PVT LTD,0,0,0,0,0,0,0,1,0,1,2,1
2025-11-07T12:55:29.685848+00:00,Tamil Nadu,COIMBATORE RTO,KIA INDIA PRIVATE LIMITED,0,2,0,0,0,0,0,0,0,5,7,0
2025-11-07T12:55:29.685848+00:00,Tamil Nadu,COIMBATORE RTO,MAHINDRA ELECTRIC AUTOMOBILE LTD,0,0,0,0,0,0,0,1,0,0,1,1
2025-11-07T12:55:29.685848+00:00,Tamil Nadu,COIMBATORE RTO,MAHINDRA & MAHINDRA LIMITED,0,8,0,0,3,0,0,0,0,1,12,0
2025-11-07T12:55:29.685848+00:00,Tamil Nadu,COIMBATORE RTO,MARUTI SUZUKI INDIA LTD,0,0,0,0,13,5,4,0,0,0,22,0
2025-11-07T12:55:29.685848+00:00,Tamil Nadu,COIMBATORE RTO,MERCEDES-BENZ INDIA PVT LTD,0,0,2,0,0,0,0,0,0,0,2,0
2025-11-07T12:55:29.685848+00:00,Tamil Nadu,COIMBATORE RTO,RENAULT INDIA PVT LTD,0,0,0,0,0,0,0,0,0,1,1,0
2025-11-07T12:55:29.685848+00:00,Tamil Nadu,COIMBATORE RTO,SKODA AUTO VOLKSWAGEN INDIA PVT LTD,0,0,0,0,0,0,0,0,0,2,2,0
2025-11-07T12:55:29.685848+00:00,Tamil Nadu,COIMBATORE RTO,TATA MOTORS PASSENGER VEHICLES LTD,0,1,0,0,0,0,0,0,0,13,14,0
2025-11-07T12:55:29.685848+00:00,Tamil Nadu,COIMBATORE RTO,TATA PASSENGER ELECTRIC MOBILITY LTD,0,0,0,1,0,0,0,1,0,0,2,2
2025-11-07T12:55:29.685848+00:00,Tamil Nadu,COIMBATORE RTO,TOYOTA KIRLOSKAR MOTOR PVT LTD,0,2,0,0,0,0,1,0,1,4,8,0
2025-11-07T12:55:29.708877+00:00,Tamil Nadu,AMBATTUR RTO,HONDA CARS INDIA LTD,0,0,0,0,2,0,0,0,0,0,2,0
2025-11-07T12:55:29.708877+00:00,Tamil Nadu,AMBATTUR RTO,HYUNDAI MOTOR INDIA LTD,0,1,0,0,0,1,0,0,0,7,9,0
2025-11-07T12:55:29.708877+00:00,Tamil Nadu,AMBATTUR RTO,JAGUAR LAND ROVER INDIA LIMITED,0,0,0,0,0,0,0,0,0,1,1,0
2025-11-07T12:55:29.708877+00:00,Tamil Nadu,AMBATTUR RTO,JSW MG MOTOR INDIA PVT LTD,0,0,0,0,0,0,0,1,0,0,1,1
2025-11-07T12:55:29.708877+00:00,Tamil Nadu,AMBATTUR RTO,KIA INDIA PRIVATE LIMITED,0,1,0,0,0,0,0,1,0,3,5,1
2025-11-07T12:55:29.708877+00:00,Tamil Nadu,AMBATTUR RTO,MAHINDRA & MAHINDRA LIMITED,0,7,0,0,4,0,0,0,0,1,12,0
2025-11-07T12:55:29.708877+00:00,Tamil Nadu,AMBATTUR RTO,MARUTI SUZUKI INDIA LTD,0,0,0,0,13,4,6,0,0,0,23,0
2025-11-07T12:55:29.708877+00:00,Tamil Nadu,AMBATTUR RTO,NISSAN MOTOR INDIA PVT LTD,0,0,0,0,7,0,0,0,0,0,7,0
2025-11-07T12:55:29.708877+00:00,Tamil Nadu,AMBATTUR RTO,RENAULT INDIA PVT LTD,0,0,0,0,0,0,0,0,0,2,2,0
2025-11-07T12:55:29.708877+00:00,Tamil Nadu,AMBATTUR RTO,SKODA AUTO VOLKSWAGEN INDIA PVT LTD,0,0,0,0,0,0,0,0,0,5,5,0
2025-11-07T12:55:29.708877+00:00,Tamil Nadu,AMBATTUR RTO,TATA MOTORS PASSENGER VEHICLES LTD,0,1,0,0,0,1,0,0,0,7,9,0
2025-11-07T12:55:29.708877+00:00,Tamil Nadu,AMBATTUR RTO,TATA PASSENGER ELECTRIC MOBILITY LTD,0,0,0,2,0,0,0,0,0,0,2,2
2025-11-07T12:55:29.708877+00:00,Tamil Nadu,AMBATTUR RTO,TOYOTA KIRLOSKAR MOTOR PVT LTD,0,1,0,0,0,0,1,0,1,3,6,0
2025-11-07T12:55:29.731742+00:00,Tamil Nadu,CUDDALORE RTO,BMW INDIA PVT LTD,0,0,0,0,1,0,0,0,0,1,2,0
2025-11-07T12:55:29.731742+00:00,Tamil Nadu,CUDDALORE RTO,HYUNDAI MOTOR INDIA LTD,0,0,0,0,1,0,0,0,0,0,1,0
2025-11-07T12:55:29.731742+00:00,Tamil Nadu,CUDDALORE RTO,KIA INDIA PRIVATE LIMITED,0,0,0,0,0,0,0,0,0,1,1,0
2025-11-07T12:55:29.731742+00:00,Tamil Nadu,CUDDALORE RTO,MAHINDRA & MAHINDRA LIMITED,0,1,0,0,0,0,0,0,0,0,1,0
2025-11-07T12:55:29.731742+00:00,Tamil Nadu,CUDDALORE RTO,MARUTI SUZUKI INDIA LTD,0,0,0,0,7,1,1,0,0,0,9,0
2025-11-07T12:55:29.731742+00:00,Tamil Nadu,CUDDALORE RTO,SKODA AUTO VOLKSWAGEN INDIA PVT LTD,0,0,0,0,1,0,0,0,0,0,1,0
2025-11-07T12:55:29.731742+00:00,Tamil Nadu,CUDDALORE RTO,TATA MOTORS PASSENGER VEHICLES LTD,0,0,0,0,0,0,0,0,0,2,2,0
2025-11-07T12:55:29.731742+00:00,Tamil Nadu,CUDDALORE RTO,TOYOTA KIRLOSKAR MOTOR PVT LTD,0,0,0,0,1,0,0,0,1,2,4,0
2025-11-07T12:55:29.751471+00:00,Tamil Nadu,DHARAPURAM RTO,HYUNDAI MOTOR INDIA LTD,0,1,0,0,0,0,0,0,0,3,4,0
2025-11-07T12:55:29.751471+00:00,Tamil Nadu,DHARAPURAM RTO,KIA INDIA PRIVATE LIMITED,0,0,0,0,0,0,0,0,0,2,2,0
2025-11-07T12:55:29.751471+00:00,Tamil Nadu,DHARAPURAM RTO,MAHINDRA & MAHINDRA LIMITED,0,1,0,0,0,0,0,0,0,1,2,0
2025-11-07T12:55:29.751471+00:00,Tamil Nadu,DHARAPURAM RTO,MARUTI SUZUKI INDIA LTD,0,0,0,0,5,0,0,0,0,0,5,0
2025-11-07T12:55:29.751471+00:00,Tamil Nadu,DHARAPURAM RTO,RENAULT INDIA PVT LTD,0,0,0,0,0,0,0,0,0,1,1,0
2025-11-07T12:55:29.751471+00:00,Tamil Nadu,DHARAPURAM RTO,TOYOTA KIRLOSKAR MOTOR PVT LTD,0,1,0,0,0,0,1,0,0,2,4,0
2025-11-07T12:55:29.774335+00:00,Tamil Nadu,DHARMAPURI RTO,HYUNDAI MOTOR INDIA LTD,0,1,0,0,0,2,0,1,0,3,7,1
2025-11-07T12:55:29.774335+00:00,Tamil Nadu,DHARMAPURI RTO,MAHINDRA ELECTRIC AUTOMOBILE LTD,0,0,0,0,0,0,0,1,0,0,1,1
2025-11-07T12:55:29.774335+00:00,Tamil Nadu,DHARMAPURI RTO,MAHINDRA & MAHINDRA LIMITED,0,3,0,0,0,0,0,0,0,0,3,0
2025-11-07T12:55:29.774335+00:00,Tamil Nadu,DHARMAPURI RTO,MARUTI SUZUKI INDIA LTD,0,0,0,0,6,2,1,0,0,0,9,0
2025-11-07T12:55:29.774335+00:00,Tamil Nadu,DHARMAPURI RTO,TATA MOTORS PASSENGER VEHICLES LTD,0,0,0,0,0,0,0,0,0,2,2,0
2025-11-07T12:55:29.774335+00:00,Tamil Nadu,DHARMAPURI RTO,TOYOTA KIRLOSKAR MOTOR PVT LTD,0,1,0,0,0,0,1,0,1,2,5,0
2025-11-07T12:55:29.796364+00:00,Tamil Nadu,DINDIGUL RTO,HONDA CARS INDIA LTD,0,0,0,0,1,0,0,0,0,0,1,0
2025-11-07T12:55:29.796364+00:00,Tamil Nadu,DINDIGUL RTO,HYUNDAI MOTOR INDIA LTD,0,1,0,0,1,0,0,0,0,6,8,0
2025-11-07T12:55:29.796364+00:00,Tamil Nadu,DINDIGUL RTO,KIA INDIA PRIVATE LIMITED,0,0,0,0,0,0,0,0,0,3,3,0
2025-11-07T12:55:29.796364+00:00,Tamil Nadu,DINDIGUL RTO,MAHINDRA & MAHINDRA LIMITED,0,3,0,0,0,0,0,0,0,0,3,0
2025-11-07T12:55:29.796364+00:00,Tamil Nadu,DINDIGUL RTO,MARUTI SUZUKI INDIA LTD,0,0,0,0,4,2,3,0,0,1,10,0
2025-11-07T12:55:29.796364+00:00,Tamil Nadu,DINDIGUL RTO,SKODA AUTO VOLKSWAGEN INDIA PVT LTD,0,0,0,0,3,0,0,0,0,0,3,0
2025-11-07T12:55:29.796364+00:00,Tamil Nadu,DINDIGUL RTO,TATA MOTORS PASSENGER VEHICLES LTD,0,1,0,0,0,0,0,0,0,1,2,0
2025-11-07T12:55:29.796364+00:00,Tamil Nadu,DINDIGUL RTO,TATA PASSENGER ELECTRIC MOBILITY LTD,0,0,0,0,0,0,0,1,0,0,1,1
2025-11-07T12:55:29.796364+00:00,Tamil Nadu,DINDIGUL RTO,TOYOTA KIRLOSKAR MOTOR PVT LTD,0,2,0,0,0,0,0,0,2,1,5,0
2025-11-07T12:55:29.820836+00:00,Tamil Nadu,ERODE RTO,BMW INDIA PVT LTD,0,1,0,0,0,0,0,0,0,0,1,0
2025-11-07T12:55:29.820836+00:00,Tamil Nadu,ERODE RTO,BYD INDIA PRIVATE LIMITED,0,0,0,0,0,0,0,1,0,0,1,1
2025-11-07T12:55:29.820836+00:00,Tamil Nadu,ERODE RTO,HONDA CARS INDIA LTD,0,0,0,0,1,0,0,0,0,0,1,0
2025-11-07T12:55:29.820836+00:00,Tamil Nadu,ERODE RTO,HYUNDAI MOTOR INDIA LTD,0,0,0,0,0,1,0,0,0,3,4,0
2025-11-07T12:55:29.820836+00:00,Tamil Nadu,ERODE RTO,KIA INDIA PRIVATE LIMITED,0,1,0,0,0,0,0,0,0,3,4,0
2025-11-07T12:55:29.820836+00:00,Tamil Nadu,ERODE RTO,MAHINDRA ELECTRIC AUTOMOBILE LTD,0,0,0,0,0,0,0,2,0,0,2,2
2025-11-07T12:55:29.820836+00:00,Tamil Nadu,ERODE RTO,MAHINDRA & MAHINDRA LIMITED,0,3,0,0,1,0,0,0,0,1,5,0
2025-11-07T12:55:29.820836+00:00,Tamil Nadu,ERODE RTO,MARUTI SUZUKI INDIA LTD,0,0,0,0,11,2,0,0,0,0,13,0
2025-11-07T12:55:29.820836+00:00,Tamil Nadu,ERODE RTO,MERCEDES-BENZ INDIA PVT LTD,0,0,0,0,0,0,1,0,0,0,1,0
2025-11-07T12:55:29.820836+00:00,Tamil Nadu,ERODE RTO,NISSAN MOTOR INDIA PVT LTD,0,0,0,0,1,0,0,0,0,0,1,0
2025-11-07T12:55:29.820836+00:00,Tamil Nadu,ERODE RTO,RENAULT INDIA PVT LTD,0,0,0,0,0,0,0,0,0,2,2,0
2025-11-07T12:55:29.820836+00:00,Tamil Nadu,ERODE RTO,SKODA AUTO VOLKSWAGEN INDIA PVT LTD,0,0,0,0,3,0,0,0,0,0,3,0
2025-11-07T12:55:29.820836+00:00,Tamil Nadu,ERODE RTO,STELLANTIS INDIA PVT LTD,0,1,0,0,0,0,0,0,0,0,1,0
2025-11-07T12:55:29.820836+00:00,Tamil Nadu,ERODE RTO,TATA MOTORS PASSENGER VEHICLES LTD,0,0,0,0,0,2,0,0,0,4,6,0
2025-11-07T12:55:29.820836+00:00,Tamil Nadu,ERODE RTO,TATA PASSENGER ELECTRIC MOBILITY LTD,0,0,0,0,0,0,0,2,0,0,2,2
2025-11-07T12:55:29.820836+00:00,Tamil Nadu,ERODE RTO,TOYOTA KIRLOSKAR MOTOR PVT LTD,0,2,0,0,0,0,1,0,3,3,9,0
2025-11-07T12:55:29.841727+00:00,Tamil Nadu,ERODE RTO,HONDA CARS INDIA LTD,0,0,0,0,1,0,0,0,0,0,1,0
2025-11-07T12:55:29.841727+00:00,Tamil Nadu,ERODE RTO,HYUNDAI MOTOR INDIA LTD,0,0,0,0,0,0,0,0,0,2,2,0
2025-11-07T12:55:29.841727+00:00,Tamil Nadu,ERODE RTO,KIA INDIA PRIVATE LIMITED,0,0,0,0,0,0,0,0,0,1,1,0
2025-11-07T12:55:29.841727+00:00,Tamil Nadu,ERODE RTO,MAHINDRA & MAHINDRA LIMITED,0,1,0,0,1,0,0,0,0,1,3,0
2025-11-07T12:55:29.841727+00:00,Tamil Nadu,ERODE RTO,MARUTI SUZUKI INDIA LTD,0,0,0,0,3,2,2,0,2,0,9,0
2025-11-07T12:55:29.841727+00:00,Tamil Nadu,ERODE RTO,STELLANTIS AUTOMOBILES INDIA PVT LTD,0,0,0,0,0,0,0,0,0,1,1,0
2025-11-07T12:55:29.841727+00:00,Tamil Nadu,ERODE RTO,TATA MOTORS PASSENGER VEHICLES LTD,0,0,0,0,0,0,0,0,0,2,2,0
2025-11-07T12:55:29.841727+00:00,Tamil Nadu,ERODE RTO,TATA PASSENGER ELECTRIC MOBILITY LTD,0,0,0,1,0,0,0,0,0,0,1,1
2025-11-07T12:55:29.841727+00:00,Tamil Nadu,ERODE RTO,TOYOTA KIRLOSKAR MOTOR PVT LTD,0,0,0,0,0,0,1,0,1,0,2,0
2025-11-07T12:55:29.862714+00:00,Tamil Nadu,GINGEE,MAHINDRA & MAHINDRA LIMITED,0,1,0,0,0,0,0,0,0,0,1,0
2025-11-07T12:55:29.862714+00:00,Tamil Nadu,GINGEE,MARUTI SUZUKI INDIA LTD,0,0,0,0,0,3,0,0,0,0,3,0
2025-11-07T12:55:29.862714+00:00,Tamil Nadu,GINGEE,TATA MOTORS PASSENGER VEHICLES LTD,0,0,0,0,0,0,0,0,0,1,1,0
2025-11-07T12:55:29.862714+00:00,Tamil Nadu,GINGEE,TOYOTA KIRLOSKAR MOTOR PVT LTD,0,0,0,0,1,0,1,0,0,0,2,0
2025-11-07T12:55:29.883309+00:00,Tamil Nadu,GOPICHETTIPALAYAM RTO,HONDA CARS INDIA LTD,0,0,0,0,2,0,0,0,0,0,2,0
2025-11-07T12:55:29.883309+00:00,Tamil Nadu,GOPICHETTIPALAYAM RTO,HYUNDAI MOTOR INDIA LTD,0,1,0,0,0,0,0,0,0,0,1,0
2025-11-07T12:55:29.883309+00:00,Tamil Nadu,GOPICHETTIPALAYAM RTO,KIA INDIA PRIVATE LIMITED,0,1,0,0,0,0,0,0,0,1,2,0
2025-11-07T12:55:29.883309+00:00,Tamil Nadu,GOPICHETTIPALAYAM RTO,MAHINDRA & MAHINDRA LIMITED,0,1,0,0,0,0,0,0,0,0,1,0
2025-11-07T12:55:29.883309+00:00,Tamil Nadu,GOPICHETTIPALAYAM RTO,MARUTI SUZUKI INDIA LTD,0,0,0,0,2,1,1,0,0,0,4,0
2025-11-07T12:55:29.883309+00:00,Tamil Nadu,GOPICHETTIPALAYAM RTO,TATA MOTORS PASSENGER VEHICLES LTD,0,0,0,0,0,0,0,0,0,4,4,0
2025-11-07T12:55:29.883309+00:00,Tamil Nadu,GOPICHETTIPALAYAM RTO,TOYOTA KIRLOSKAR MOTOR PVT LTD,0,0,0,0,0,0,0,0,0,1,1,0
2025-11-07T12:55:29.915152+00:00,Tamil Nadu,GUDALORE,HONDA CARS INDIA LTD,0,0,0,0,1,0,0,0,0,0,1,0
2025-11-07T12:55:29.915152+00:00,Tamil Nadu,GUDALORE,HYUNDAI MOTOR INDIA LTD,0,0,0,0,0,1,0,0,0,5,6,0
2025-11-07T12:55:29.915152+00:00,Tamil Nadu,GUDALORE,MARUTI SUZUKI INDIA LTD,0,0,0,0,5,0,1,0,0,0,6,0
2025-11-07T12:55:29.915152+00:00,Tamil Nadu,GUDALORE,TATA MOTORS PASSENGER VEHICLES LTD,0,0,0,0,0,0,0,0,0,2,2,0
2025-11-07T12:55:29.915152+00:00,Tamil Nadu,GUDALORE,TOYOTA KIRLOSKAR MOTOR PVT LTD,0,1,0,0,1,0,0,0,0,4,6,0
2025-11-07T12:55:29.934989+00:00,Tamil Nadu,GUDIYATHAM,HYUNDAI MOTOR INDIA LTD,0,1,0,0,0,0,0,0,0,0,1,0
2025-11-07T12:55:29.934989+00:00,Tamil Nadu,GUDIYATHAM,KIA INDIA PRIVATE LIMITED,0,0,0,0,0,0,0,0,0,1,1,0
2025-11-07T12:55:29.934989+00:00,Tamil Nadu,GUDIYATHAM,MAHINDRA ELECTRIC AUTOMOBILE LTD,0,0,0,0,0,0,0,1,0,0,1,1
2025-11-07T12:55:29.934989+00:00,Tamil Nadu,GUDIYATHAM,MAHINDRA & MAHINDRA LIMITED,0,1,0,0,0,0,0,0,0,0,1,0
2025-11-07T12:55:29.955927+00:00,Tamil Nadu,AMBUR,HYUNDAI MOTOR INDIA LTD,0,0,0,0,0,0,0,0,0,1,1,0
2025-11-07T12:55:29.955927+00:00,Tamil Nadu,AMBUR,JSW MG MOTOR INDIA PVT LTD,0,0,0,0,0,0,0,1,0,0,1,1
2025-11-07T12:55:29.955927+00:00,Tamil Nadu,AMBUR,KIA INDIA PRIVATE LIMITED,0,1,0,0,0,0,0,0,0,0,1,0
2025-11-07T12:55:29.955927+00:00,Tamil Nadu,AMBUR,MARUTI SUZUKI INDIA LTD,0,0,0,0,1,0,0,0,0,0,1,0
2025-11-07T12:55:29.955927+00:00,Tamil Nadu,AMBUR,TATA MOTORS PASSENGER VEHICLES LTD,0,1,0,0,0,0,0,0,0,0,1,0
2025-11-07T12:55:29.955927+00:00,Tamil Nadu,AMBUR,TOYOTA KIRLOSKAR MOTOR PVT LTD,0,1,0,0,0,0,0,0,0,0,1,0
2025-11-07T12:55:29.973510+00:00,Tamil Nadu,GUMMIDIPOONDI,HYUNDAI MOTOR INDIA LTD,0,0,0,0,0,0,0,0,0,2,2,0
2025-11-07T12:55:29.973510+00:00,Tamil Nadu,GUMMIDIPOONDI,MARUTI SUZUKI INDIA LTD,0,0,0,0,3,4,2,0,0,0,9,0
2025-11-07T12:55:29.973510+00:00,Tamil Nadu,GUMMIDIPOONDI,TATA MOTORS PASSENGER VEHICLES LTD,0,0,0,0,0,0,0,0,0,3,3,0
2025-11-07T12:55:29.973510+00:00,Tamil Nadu,GUMMIDIPOONDI,TOYOTA KIRLOSKAR MOTOR PVT LTD,0,0,0,0,0,1,0,0,0,0,1,0
2025-11-07T12:55:29.996258+00:00,Tamil Nadu,HARUR,HONDA CARS INDIA LTD,0,0,0,0,2,0,0,0,0,0,2,0
2025-11-07T12:55:29.996258+00:00,Tamil Nadu,HARUR,MAHINDRA & MAHINDRA LIMITED,0,1,0,0,0,0,0,0,0,0,1,0
2025-11-07T12:55:29.996258+00:00,Tamil Nadu,HARUR,MARUTI SUZUKI INDIA LTD,0,0,0,0,4,2,1,0,0,0,7,0
2025-11-07T12:55:29.996258+00:00,Tamil Nadu,HARUR,RENAULT INDIA PVT LTD,0,0,0,0,0,0,0,0,0,1,1,0
2025-11-07T12:55:29.996258+00:00,Tamil Nadu,HARUR,SKODA AUTO VOLKSWAGEN INDIA PVT LTD,0,0,0,0,1,0,0,0,0,0,1,0
2025-11-07T12:55:29.996258+00:00,Tamil Nadu,HARUR,TATA MOTORS PASSENGER VEHICLES LTD,0,0,0,0,0,0,0,0,0,4,4,0
2025-11-07T12:55:29.996258+00:00,Tamil Nadu,HARUR,TATA PASSENGER ELECTRIC MOBILITY LTD,0,0,0,1,0,0,0,0,0,0,1,1
2025-11-07T12:55:29.996258+00:00,Tamil Nadu,HARUR,TOYOTA KIRLOSKAR MOTOR PVT LTD,0,0,0,0,0,0,1,0,0,0,1,0
2025-11-07T12:55:30.019206+00:00,Tamil Nadu,HOSUR RTO,BMW INDIA PVT LTD,0,0,0,0,0,0,0,1,0,0,1,1
2025-11-07T12:55:30.019206+00:00,Tamil Nadu,HOSUR RTO,HONDA CARS INDIA LTD,0,0,0,0,1,0,0,0,0,0,1,0
2025-11-07T12:55:30.019206+00:00,Tamil Nadu,HOSUR RTO,HYUNDAI MOTOR INDIA LTD,0,1,0,0,0,0,0,0,0,4,5,0
2025-11-07T12:55:30.019206+00:00,Tamil Nadu,HOSUR RTO,JSW MG MOTOR INDIA PVT LTD,0,0,0,0,0,0,0,1,0,0,1,1
2025-11-07T12:55:30.019206+00:00,Tamil Nadu,HOSUR RTO,KIA INDIA PRIVATE LIMITED,0,0,0,0,0,0,0,0,0,3,3,0
2025-11-07T12:55:30.019206+00:00,Tamil Nadu,HOSUR RTO,MAHINDRA & MAHINDRA LIMITED,0,2,0,0,0,0,0,0,0,0,2,0
2025-11-07T12:55:30.019206+00:00,Tamil Nadu,HOSUR RTO,MARUTI SUZUKI INDIA LTD,0,0,0,0,10,1,2,0,0,1,14,0
2025-11-07T12:55:30.019206+00:00,Tamil Nadu,HOSUR RTO,RENAULT INDIA PVT LTD,0,0,0,0,0,0,0,0,0,4,4,0
2025-11-07T12:55:30.019206+00:00,Tamil Nadu,HOSUR RTO,SKODA AUTO VOLKSWAGEN INDIA PVT LTD,0,0,0,0,1,0,0,0,0,2,3,0
2025-11-07T12:55:30.019206+00:00,Tamil Nadu,HOSUR RTO,TATA MOTORS PASSENGER VEHICLES LTD,0,3,0,0,0,0,0,0,0,9,12,0
2025-11-07T12:55:30.019206+00:00,Tamil Nadu,HOSUR RTO,TATA PASSENGER ELECTRIC MOBILITY LTD,0,0,0,0,0,0,0,2,0,0,2,2
2025-11-07T12:55:30.019206+00:00,Tamil Nadu,HOSUR RTO,TOYOTA KIRLOSKAR MOTOR PVT LTD,0,0,0,0,0,0,1,0,2,3,6,0
2025-11-07T12:55:30.036106+00:00,Tamil Nadu,ILLUPPUR,HYUNDAI MOTOR INDIA LTD,0,0,0,0,0,1,0,0,0,2,3,0
2025-11-07T12:55:30.036106+00:00,Tamil Nadu,ILLUPPUR,JSW MG MOTOR INDIA PVT LTD,0,0,0,0,0,0,0,1,0,0,1,1
2025-11-07T12:55:30.036106+00:00,Tamil Nadu,ILLUPPUR,MARUTI SUZUKI INDIA LTD,0,0,0,0,4,1,0,0,0,0,5,0
2025-11-07T12:55:30.036106+00:00,Tamil Nadu,ILLUPPUR,RENAULT INDIA PVT LTD,0,0,0,0,0,0,0,0,0,2,2,0
2025-11-07T12:55:30.036106+00:00,Tamil Nadu,ILLUPPUR,TATA MOTORS PASSENGER VEHICLES LTD,0,0,0,0,0,0,0,0,0,2,2,0
2025-11-07T12:55:30.036106+00:00,Tamil Nadu,ILLUPPUR,TOYOTA KIRLOSKAR MOTOR PVT LTD,0,1,0,0,0,0,0,0,0,0,1,0
2025-11-07T12:55:30.061098+00:00,Tamil Nadu,KALLAKURICHI RTO,HONDA CARS INDIA LTD,0,0,0,0,1,0,0,0,0,0,1,0
2025-11-07T12:55:30.061098+00:00,Tamil Nadu,KALLAKURICHI RTO,HYUNDAI MOTOR INDIA LTD,0,2,0,0,0,0,0,0,0,3,5,0
2025-11-07T12:55:30.061098+00:00,Tamil Nadu,KALLAKURICHI RTO,MAHINDRA & MAHINDRA LIMITED,0,4,0,0,1,0,0,0,0,0,5,0
2025-11-07T12:55:30.061098+00:00,Tamil Nadu,KALLAKURICHI RTO,MARUTI SUZUKI INDIA LTD,0,0,0,0,2,4,1,0,0,0,7,0
2025-11-07T12:55:30.061098+00:00,Tamil Nadu,KALLAKURICHI RTO,RENAULT INDIA PVT LTD,0,0,0,0,0,0,0,0,0,2,2,0
2025-11-07T12:55:30.061098+00:00,Tamil Nadu,KALLAKURICHI RTO,TATA MOTORS PASSENGER VEHICLES LTD,0,1,0,0,0,0,0,0,0,2,3,0
2025-11-07T12:55:30.061098+00:00,Tamil Nadu,KALLAKURICHI RTO,TOYOTA KIRLOSKAR MOTOR PVT LTD,0,0,0,0,0,0,0,0,1,2,3,0
2025-11-07T12:55:30.084892+00:00,Tamil Nadu,KANCHEEPURAM RTO,HYUNDAI MOTOR INDIA LTD,0,0,0,0,0,0,0,0,0,2,2,0
2025-11-07T12:55:30.084892+00:00,Tamil Nadu,KANCHEEPURAM RTO,KIA INDIA PRIVATE LIMITED,0,2,0,0,0,0,0,1,0,0,3,1
2025-11-07T12:55:30.084892+00:00,Tamil Nadu,KANCHEEPURAM RTO,MAHINDRA & MAHINDRA LIMITED,0,1,0,0,0,0,0,0,0,0,1,0
2025-11-07T12:55:30.084892+00:00,Tamil Nadu,KANCHEEPURAM RTO,MARUTI SUZUKI INDIA LTD,0,0,0,0,5,2,0,0,0,0,7,0
2025-11-07T12:55:30.084892+00:00,Tamil Nadu,KANCHEEPURAM RTO,RENAULT INDIA PVT LTD,0,0,0,0,0,0,0,0,0,2,2,0
2025-11-07T12:55:30.084892+00:00,Tamil Nadu,KANCHEEPURAM RTO,SKODA AUTO VOLKSWAGEN INDIA PVT LTD,0,0,0,0,0,0,0,0,0,1,1,0
2025-11-07T12:55:30.084892+00:00,Tamil Nadu,KANCHEEPURAM RTO,TATA MOTORS PASSENGER VEHICLES LTD,0,1,0,0,0,1,0,0,0,4,6,0
2025-11-07T12:55:30.084892+00:00,Tamil Nadu,KANCHEEPURAM RTO,TATA PASSENGER ELECTRIC MOBILITY LTD,0,0,0,1,0,0,0,0,0,0,1,1
2025-11-07T12:55:30.084892+00:00,Tamil Nadu,KANCHEEPURAM RTO,TOYOTA KIRLOSKAR MOTOR PVT LTD,0,1,0,0,0,0,0,0,1,0,2,0
2025-11-07T12:55:30.111141+00:00,Tamil Nadu,KANGEYAM,HONDA CARS INDIA LTD,0,0,0,0,1,0,0,0,0,0,1,0
2025-11-07T12:55:30.111141+00:00,Tamil Nadu,KANGEYAM,HYUNDAI MOTOR INDIA LTD,0,0,0,0,0,0,0,0,0,2,2,0
2025-11-07T12:55:30.111141+00:00,Tamil Nadu,KANGEYAM,JSW MG MOTOR INDIA PVT LTD,0,0,0,0,0,0,0,1,0,0,1,1
2025-11-07T12:55:30.111141+00:00,Tamil Nadu,KANGEYAM,MAHINDRA & MAHINDRA LIMITED,0,2,0,0,0,0,0,0,0,0,2,0
2025-11-07T12:55:30.111141+00:00,Tamil Nadu,KANGEYAM,MARUTI SUZUKI INDIA LTD,0,0,0,0,5,3,0,0,0,0,8,0
2025-11-07T12:55:30.111141+00:00,Tamil Nadu,KANGEYAM,NISSAN MOTOR INDIA PVT LTD,0,0,0,0,1,0,0,0,0,0,1,0
2025-11-07T12:55:30.111141+00:00,Tamil Nadu,KANGEYAM,RENAULT INDIA PVT LTD,0,0,0,0,0,0,0,0,0,2,2,0
2025-11-07T12:55:30.111141+00:00,Tamil Nadu,KANGEYAM,TATA MOTORS PASSENGER VEHICLES LTD,0,0,0,0,0,0,0,0,0,3,3,0
2025-11-07T12:55:30.111141+00:00,Tamil Nadu,KANGEYAM,TATA PASSENGER ELECTRIC MOBILITY LTD,0,0,0,1,0,0,0,0,0,0,1,1
2025-11-07T12:55:30.111141+00:00,Tamil Nadu,KANGEYAM,TOYOTA KIRLOSKAR MOTOR PVT LTD,0,0,0,0,0,0,0,0,0,1,1,0
2025-11-07T12:55:30.132414+00:00,Tamil Nadu,KARAIKUDI,HONDA CARS INDIA LTD,0,0,0,0,1,0,0,0,0,0,1,0
2025-11-07T12:55:30.132414+00:00,Tamil Nadu,KARAIKUDI,HYUNDAI MOTOR INDIA LTD,0,2,0,0,1,0,0,0,0,5,8,0
2025-11-07T12:55:30.132414+00:00,Tamil Nadu,KARAIKUDI,KIA INDIA PRIVATE LIMITED,0,1,0,0,1,0,0,0,0,1,3,0
2025-11-07T12:55:30.132414+00:00,Tamil Nadu,KARAIKUDI,MAHINDRA ELECTRIC AUTOMOBILE LTD,0,0,0,0,0,0,0,1,0,0,1,1
2025-11-07T12:55:30.132414+00:00,Tamil Nadu,KARAIKUDI,MAHINDRA & MAHINDRA LIMITED,0,3,0,0,1,0,0,0,0,0,4,0
2025-11-07T12:55:30.132414+00:00,Tamil Nadu,KARAIKUDI,MARUTI SUZUKI INDIA LTD,0,0,0,0,10,2,4,0,0,0,16,0
2025-11-07T12:55:30.132414+00:00,Tamil Nadu,KARAIKUDI,RENAULT INDIA PVT LTD,0,0,0,0,0,0,0,0,0,2,2,0
2025-11-07T12:55:30.132414+00:00,Tamil Nadu,KARAIKUDI,TATA MOTORS PASSENGER VEHICLES LTD,0,0,0,0,0,0,0,0,0,9,9,0
2025-11-07T12:55:30.132414+00:00,Tamil Nadu,KARAIKUDI,TOYOTA KIRLOSKAR MOTOR PVT LTD,0,1,0,0,0,0,0,0,2,2,5,0
2025-11-07T12:55:30.161849+00:00,Tamil Nadu,KARUR RTO,FORCE MOTORS LIMITED,0,1,0,0,0,0,0,0,0,0,1,0
2025-11-07T12:55:30.161849+00:00,Tamil Nadu,KARUR RTO,HYUNDAI MOTOR INDIA LTD,0,0,0,0,0,0,0,0,0,4,4,0
2025-11-07T12:55:30.161849+00:00,Tamil Nadu,KARUR RTO,JSW MG MOTOR INDIA PVT LTD,0,0,0,0,0,0,0,1,0,0,1,1
2025-11-07T12:55:30.161849+00:00,Tamil Nadu,KARUR RTO,KIA INDIA PRIVATE LIMITED,0,0,0,0,0,0,0,0,0,3,3,0
2025-11-07T12:55:30.161849+00:00,Tamil Nadu,KARUR RTO,MAHINDRA & MAHINDRA LIMITED,0,2,0,0,0,0,0,0,0,0,2,0
2025-11-07T12:55:30.161849+00:00,Tamil Nadu,KARUR RTO,MARUTI SUZUKI INDIA LTD,0,0,0,0,9,0,0,0,0,0,9,0
2025-11-07T12:55:30.161849+00:00,Tamil Nadu,KARUR RTO,SKODA AUTO VOLKSWAGEN INDIA PVT LTD,0,0,0,0,0,0,0,0,0,1,1,0
2025-11-07T12:55:30.161849+00:00,Tamil Nadu,KARUR RTO,STELLANTIS AUTOMOBILES INDIA PVT LTD,0,0,0,0,0,0,0,0,0,1,1,0
2025-11-07T12:55:30.161849+00:00,Tamil Nadu,KARUR RTO,TATA MOTORS PASSENGER VEHICLES LTD,0,1,0,0,0,1,0,0,0,2,4,0
2025-11-07T12:55:30.161849+00:00,Tamil Nadu,KARUR RTO,TATA PASSENGER ELECTRIC MOBILITY LTD,0,0,0,0,0,0,0,1,0,0,1,1
2025-11-07T12:55:30.161849+00:00,Tamil Nadu,KARUR RTO,TOYOTA KIRLOSKAR MOTOR PVT LTD,0,1,0,0,0,0,0,0,0,1,2,0
2025-11-07T12:55:30.184129+00:00,Tamil Nadu,KOVILPATTI RTO,HYUNDAI MOTOR INDIA LTD,0,0,0,0,0,2,0,0,0,5,7,0
2025-11-07T12:55:30.184129+00:00,Tamil Nadu,KOVILPATTI RTO,KIA INDIA PRIVATE LIMITED,0,0,0,0,0,0,0,0,0,4,4,0
2025-11-07T12:55:30.184129+00:00,Tamil Nadu,KOVILPATTI RTO,MAHINDRA & MAHINDRA LIMITED,0,1,0,0,1,0,0,0,0,0,2,0
2025-11-07T12:55:30.184129+00:00,Tamil Nadu,KOVILPATTI RTO,MARUTI SUZUKI INDIA LTD,0,0,0,0,5,1,0,0,0,0,6,0
2025-11-07T12:55:30.184129+00:00,Tamil Nadu,KOVILPATTI RTO,NISSAN MOTOR INDIA PVT LTD,0,0,0,0,1,0,0,0,0,0,1,0
2025-11-07T12:55:30.184129+00:00,Tamil Nadu,KOVILPATTI RTO,RENAULT INDIA PVT LTD,0,0,0,0,0,0,0,0,0,1,1,0
2025-11-07T12:55:30.184129+00:00,Tamil Nadu,KOVILPATTI RTO,TATA MOTORS PASSENGER VEHICLES LTD,0,1,0,0,0,0,0,0,0,5,6,0
2025-11-07T12:55:30.184129+00:00,Tamil Nadu,KOVILPATTI RTO,TOYOTA KIRLOSKAR MOTOR PVT LTD,0,0,0,0,0,0,0,0,0,3,3,0
2025-11-07T12:55:30.204467+00:00,Tamil Nadu,ARAKKONAM,HONDA CARS INDIA LTD,0,0,0,0,1,0,0,0,0,0,1,0
2025-11-07T12:55:30.204467+00:00,Tamil Nadu,ARAKKONAM,HYUNDAI MOTOR INDIA LTD,0,0,0,0,0,0,0,0,0,2,2,0
2025-11-07T12:55:30.204467+00:00,Tamil Nadu,ARAKKONAM,MARUTI SUZUKI INDIA LTD,0,0,0,0,3,0,1,0,0,0,4,0
2025-11-07T12:55:30.204467+00:00,Tamil Nadu,ARAKKONAM,RENAULT INDIA PVT LTD,0,0,0,0,0,0,0,0,0,2,2,0
2025-11-07T12:55:30.204467+00:00,Tamil Nadu,ARAKKONAM,TATA MOTORS PASSENGER VEHICLES LTD,0,1,0,0,0,0,0,0,0,1,2,0
2025-11-07T12:55:30.204467+00:00,Tamil Nadu,ARAKKONAM,TOYOTA KIRLOSKAR MOTOR PVT LTD,0,0,0,0,0,0,0,0,0,0,0,0
2025-11-07T12:55:30.226536+00:00,Tamil Nadu,KRISHNAGIRI RTO,HYUNDAI MOTOR INDIA LTD,0,0,0,0,0,0,0,0,0,4,4,0
2025-11-07T12:55:30.226536+00:00,Tamil Nadu,KRISHNAGIRI RTO,KIA INDIA PRIVATE LIMITED,0,0,0,0,0,0,0,0,0,3,3,0
2025-11-07T12:55:30.226536+00:00,Tamil Nadu,KRISHNAGIRI RTO,MAHINDRA & MAHINDRA LIMITED,0,2,0,0,2,0,0,0,0,0,4,0
2025-11-07T12:55:30.226536+00:00,Tamil Nadu,KRISHNAGIRI RTO,MARUTI SUZUKI INDIA LTD,0,0,0,0,4,1,1,0,0,0,6,0
2025-11-07T12:55:30.226536+00:00,Tamil Nadu,KRISHNAGIRI RTO,RENAULT INDIA PVT LTD,0,0,0,0,0,0,0,0,0,3,3,0
2025-11-07T12:55:30.226536+00:00,Tamil Nadu,KRISHNAGIRI RTO,TATA MOTORS PASSENGER VEHICLES LTD,0,2,0,0,0,0,0,0,0,11,13,0
2025-11-07T12:55:30.226536+00:00,Tamil Nadu,KRISHNAGIRI RTO,TOYOTA KIRLOSKAR MOTOR PVT LTD,0,1,0,0,0,0,0,0,0,0,1,0
2025-11-07T12:55:30.244606+00:00,Tamil Nadu,KULITHALI,KIA INDIA PRIVATE LIMITED,0,0,0,0,0,0,0,1,0,0,1,1
2025-11-07T12:55:30.244606+00:00,Tamil Nadu,KULITHALI,MAHINDRA & MAHINDRA LIMITED,0,0,0,0,1,0,0,0,0,0,1,0
2025-11-07T12:55:30.244606+00:00,Tamil Nadu,KULITHALI,MARUTI SUZUKI INDIA LTD,0,0,0,0,0,1,0,0,0,0,1,0
2025-11-07T12:55:30.244606+00:00,Tamil Nadu,KULITHALI,TOYOTA KIRLOSKAR MOTOR PVT LTD,0,0,0,0,1,0,0,0,0,0,1,0
2025-11-07T12:55:30.268202+00:00,Tamil Nadu,KUMARAPALAYAM RTO,HONDA CARS INDIA LTD,0,0,0,0,1,0,0,0,0,0,1,0
2025-11-07T12:55:30.268202+00:00,Tamil Nadu,KUMARAPALAYAM RTO,HYUNDAI MOTOR INDIA LTD,0,0,0,0,0,1,0,0,0,2,3,0
2025-11-07T12:55:30.268202+00:00,Tamil Nadu,KUMARAPALAYAM RTO,KIA INDIA PRIVATE LIMITED,0,0,0,0,0,0,0,0,0,1,1,0
2025-11-07T12:55:30.268202+00:00,Tamil Nadu,KUMARAPALAYAM RTO,MAHINDRA ELECTRIC AUTOMOBILE LTD,0,0,0,0,0,0,0,1,0,0,1,1
2025-11-07T12:55:30.268202+00:00,Tamil Nadu,KUMARAPALAYAM RTO,MAHINDRA & MAHINDRA LIMITED,0,1,0,0,1,0,0,0,0,0,2,0
2025-11-07T12:55:30.268202+00:00,Tamil Nadu,KUMARAPALAYAM RTO,MARUTI SUZUKI INDIA LTD,0,0,0,0,4,1,0,0,1,0,6,0
2025-11-07T12:55:30.268202+00:00,Tamil Nadu,KUMARAPALAYAM RTO,RENAULT INDIA PVT LTD,0,0,0,0,0,0,0,0,0,1,1,0
2025-11-07T12:55:30.268202+00:00,Tamil Nadu,KUMARAPALAYAM RTO,TATA MOTORS PASSENGER VEHICLES LTD,0,0,0,0,0,0,0,0,0,4,4,0
2025-11-07T12:55:30.268202+00:00,Tamil Nadu,KUMARAPALAYAM RTO,TOYOTA KIRLOSKAR MOTOR PVT LTD,0,1,0,0,0,0,0,0,2,2,5,0
2025-11-07T12:55:30.287056+00:00,Tamil Nadu,KUMBAKONAM RTO,HONDA CARS INDIA LTD,0,0,0,0,1,0,0,0,0,0,1,0
2025-11-07T12:55:30.287056+00:00,Tamil Nadu,KUMBAKONAM RTO,HYUNDAI MOTOR INDIA LTD,0,0,0,0,1,0,0,0,0,1,2,0
2025-11-07T12:55:30.287056+00:00,Tamil Nadu,KUMBAKONAM RTO,JSW MG MOTOR INDIA PVT LTD,0,0,0,0,0,0,0,1,0,0,1,1
2025-11-07T12:55:30.287056+00:00,Tamil Nadu,KUMBAKONAM RTO,MAHINDRA & MAHINDRA LIMITED,0,4,0,0,0,0,0,0,0,0,4,0
2025-11-07T12:55:30.287056+00:00,Tamil Nadu,KUMBAKONAM RTO,MARUTI SUZUKI INDIA LTD,0,0,0,0,4,2,2,0,0,0,8,0
2025-11-07T12:55:30.287056+00:00,Tamil Nadu,KUMBAKONAM RTO,RENAULT INDIA PVT LTD,0,0,0,0,0,0,0,0,0,3,3,0
2025-11-07T12:55:30.287056+00:00,Tamil Nadu,KUMBAKONAM RTO,SKODA AUTO VOLKSWAGEN INDIA PVT LTD,0,0,0,0,1,0,0,0,0,1,2,0
2025-11-07T12:55:30.287056+00:00,Tamil Nadu,KUMBAKONAM RTO,STELLANTIS AUTOMOBILES INDIA PVT LTD,0,0,0,0,0,0,0,0,0,1,1,0
2025-11-07T12:55:30.287056+00:00,Tamil Nadu,KUMBAKONAM RTO,TATA MOTORS PASSENGER VEHICLES LTD,0,0,0,0,0,1,0,0,0,1,2,0
2025-11-07T12:55:30.287056+00:00,Tamil Nadu,KUMBAKONAM RTO,TOYOTA KIRLOSKAR MOTOR PVT LTD,0,2,0,0,0,0,2,0,1,3,8,0
2025-11-07T12:55:30.313045+00:00,Tamil Nadu,KUNDRATHUR RTO,HONDA CARS INDIA LTD,0,0,0,0,4,0,0,0,0,0,4,0
2025-11-07T12:55:30.313045+00:00,Tamil Nadu,KUNDRATHUR RTO,HYUNDAI MOTOR INDIA LTD,0,1,0,0,0,0,0,0,0,4,5,0
2025-11-07T12:55:30.313045+00:00,Tamil Nadu,KUNDRATHUR RTO,KIA INDIA PRIVATE LIMITED,0,0,0,0,0,0,0,0,0,10,10,0
2025-11-07T12:55:30.313045+00:00,Tamil Nadu,KUNDRATHUR RTO,MAHINDRA ELECTRIC AUTOMOBILE LTD,0,0,0,0,0,0,0,1,0,0,1,1
2025-11-07T12:55:30.313045+00:00,Tamil Nadu,KUNDRATHUR RTO,MAHINDRA & MAHINDRA LIMITED,0,2,0,0,2,0,0,0,0,0,4,0
2025-11-07T12:55:30.313045+00:00,Tamil Nadu,KUNDRATHUR RTO,MARUTI SUZUKI INDIA LTD,0,0,0,0,11,8,1,0,0,0,20,0
2025-11-07T12:55:30.313045+00:00,Tamil Nadu,KUNDRATHUR RTO,MERCEDES-BENZ INDIA PVT LTD,0,0,1,0,0,0,0,0,0,0,1,0
2025-11-07T12:55:30.313045+00:00,Tamil Nadu,KUNDRATHUR RTO,RENAULT INDIA PVT LTD,0,0,0,0,0,0,0,0,0,2,2,0
2025-11-07T12:55:30.313045+00:00,Tamil Nadu,KUNDRATHUR RTO,SKODA AUTO VOLKSWAGEN INDIA PVT LTD,0,0,0,0,1,0,0,0,0,1,2,0
2025-11-07T12:55:30.313045+00:00,Tamil Nadu,KUNDRATHUR RTO,STELLANTIS AUTOMOBILES INDIA PVT LTD,0,0,0,0,0,0,0,0,0,1,1,0
2025-11-07T12:55:30.313045+00:00,Tamil Nadu,KUNDRATHUR RTO,TATA MOTORS PASSENGER VEHICLES LTD,0,2,0,0,1,0,0,0,0,11,14,0
2025-11-07T12:55:30.313045+00:00,Tamil Nadu,KUNDRATHUR RTO,TATA PASSENGER ELECTRIC MOBILITY LTD,0,0,0,2,0,0,0,0,0,0,2,2
2025-11-07T12:55:30.313045+00:00,Tamil Nadu,KUNDRATHUR RTO,TOYOTA KIRLOSKAR MOTOR PVT LTD,0,0,0,0,0,0,0,0,0,1,1,0
2025-11-07T12:55:30.334706+00:00,Tamil Nadu,LALKUDI,HYUNDAI MOTOR INDIA LTD,0,0,0,0,0,0,0,0,0,1,1,0
2025-11-07T12:55:30.334706+00:00,Tamil Nadu,LALKUDI,KIA INDIA PRIVATE LIMITED,0,0,0,0,0,0,0,0,0,1,1,0
2025-11-07T12:55:30.334706+00:00,Tamil Nadu,LALKUDI,MARUTI SUZUKI INDIA LTD,0,0,0,0,2,1,0,0,0,0,3,0
2025-11-07T12:55:30.334706+00:00,Tamil Nadu,LALKUDI,STELLANTIS AUTOMOBILES INDIA PVT LTD,0,0,0,0,0,0,0,0,0,1,1,0
2025-11-07T12:55:30.334706+00:00,Tamil Nadu,LALKUDI,TATA MOTORS PASSENGER VEHICLES LTD,0,0,0,0,0,2,0,0,0,3,5,0
2025-11-07T12:55:30.334706+00:00,Tamil Nadu,LALKUDI,TOYOTA KIRLOSKAR MOTOR PVT LTD,0,0,0,0,0,0,0,0,0,1,1,0
2025-11-07T12:55:30.357740+00:00,Tamil Nadu,MADURAI RTO,BMW INDIA PVT LTD,0,0,0,0,0,0,0,1,0,0,1,1
2025-11-07T12:55:30.357740+00:00,Tamil Nadu,MADURAI RTO,HONDA CARS INDIA LTD,0,0,0,0,1,0,0,0,0,0,1,0
2025-11-07T12:55:30.357740+00:00,Tamil Nadu,MADURAI RTO,HYUNDAI MOTOR INDIA LTD,0,2,0,0,0,0,0,0,0,4,6,0
2025-11-07T12:55:30.357740+00:00,Tamil Nadu,MADURAI RTO,KIA INDIA PRIVATE LIMITED,0,1,0,0,0,0,0,0,0,2,3,0
2025-11-07T12:55:30.357740+00:00,Tamil Nadu,MADURAI RTO,MAHINDRA & MAHINDRA LIMITED,0,5,0,0,0,0,0,0,0,0,5,0
2025-11-07T12:55:30.357740+00:00,Tamil Nadu,MADURAI RTO,MARUTI SUZUKI INDIA LTD,0,0,0,0,4,0,2,0,0,0,6,0
2025-11-07T12:55:30.357740+00:00,Tamil Nadu,MADURAI RTO,NISSAN MOTOR INDIA PVT LTD,0,0,0,0,2,0,0,0,0,0,2,0
2025-11-07T12:55:30.357740+00:00,Tamil Nadu,MADURAI RTO,SKODA AUTO VOLKSWAGEN INDIA PVT LTD,0,0,0,0,0,0,0,0,0,1,1,0
2025-11-07T12:55:30.357740+00:00,Tamil Nadu,MADURAI RTO,STELLANTIS INDIA PVT LTD,0,1,0,0,0,0,0,0,0,0,1,0
2025-11-07T12:55:30.357740+00:00,Tamil Nadu,MADURAI RTO,TATA MOTORS PASSENGER VEHICLES LTD,0,1,0,0,0,0,0,0,0,2,3,0
2025-11-07T12:55:30.357740+00:00,Tamil Nadu,MADURAI RTO,TOYOTA KIRLOSKAR MOTOR PVT LTD,0,0,0,0,0,0,0,0,1,0,1,0
2025-11-07T12:55:30.377878+00:00,Tamil Nadu,MADURAI RTO,HYUNDAI MOTOR INDIA LTD,0,0,0,0,0,0,0,0,0,11,11,0
2025-11-07T12:55:30.377878+00:00,Tamil Nadu,MADURAI RTO,JSW MG MOTOR INDIA PVT LTD,0,0,0,0,0,0,0,3,0,0,3,3
2025-11-07T12:55:30.377878+00:00,Tamil Nadu,MADURAI RTO,KIA INDIA PRIVATE LIMITED,0,2,0,0,0,0,0,1,0,8,11,1
2025-11-07T12:55:30.377878+00:00,Tamil Nadu,MADURAI RTO,MAHINDRA & MAHINDRA LIMITED,0,5,0,0,0,0,0,0,0,0,5,0
2025-11-07T12:55:30.377878+00:00,Tamil Nadu,MADURAI RTO,MARUTI SUZUKI INDIA LTD,0,0,0,0,15,4,5,0,1,0,25,0
2025-11-07T12:55:30.377878+00:00,Tamil Nadu,MADURAI RTO,NISSAN MOTOR INDIA PVT LTD,0,0,0,0,1,0,0,0,0,0,1,0
2025-11-07T12:55:30.377878+00:00,Tamil Nadu,MADURAI RTO,SKODA AUTO VOLKSWAGEN INDIA PVT LTD,0,0,0,0,0,0,0,0,0,2,2,0
2025-11-07T12:55:30.377878+00:00,Tamil Nadu,MADURAI RTO,TATA MOTORS PASSENGER VEHICLES LTD,0,2,0,0,0,0,0,0,0,7,9,0
2025-11-07T12:55:30.377878+00:00,Tamil Nadu,MADURAI RTO,TOYOTA KIRLOSKAR MOTOR PVT LTD,0,1,0,0,0,1,1,0,4,1,8,0
2025-11-07T12:55:30.400253+00:00,Tamil Nadu,MADURAI RTO,HYUNDAI MOTOR INDIA LTD,0,0,0,0,0,0,0,1,0,10,11,1
2025-11-07T12:55:30.400253+00:00,Tamil Nadu,MADURAI RTO,KIA INDIA PRIVATE LIMITED,0,2,0,0,0,0,0,0,0,7,9,0
2025-11-07T12:55:30.400253+00:00,Tamil Nadu,MADURAI RTO,MAHINDRA & MAHINDRA LIMITED,0,2,0,0,0,0,0,0,0,0,2,0
2025-11-07T12:55:30.400253+00:00,Tamil Nadu,MADURAI RTO,MARUTI SUZUKI INDIA LTD,0,0,0,0,14,2,4,0,1,1,22,0
2025-11-07T12:55:30.400253+00:00,Tamil Nadu,MADURAI RTO,NISSAN MOTOR INDIA PVT LTD,0,0,0,0,1,0,0,0,0,0,1,0
2025-11-07T12:55:30.400253+00:00,Tamil Nadu,MADURAI RTO,RENAULT INDIA PVT LTD,0,0,0,0,0,0,0,0,0,1,1,0
2025-11-07T12:55:30.400253+00:00,Tamil Nadu,MADURAI RTO,SKODA AUTO VOLKSWAGEN INDIA PVT LTD,0,0,0,0,1,0,0,0,0,1,2,0
2025-11-07T12:55:30.400253+00:00,Tamil Nadu,MADURAI RTO,STELLANTIS AUTOMOBILES INDIA PVT LTD,0,0,0,0,0,0,0,0,0,1,1,0
2025-11-07T12:55:30.400253+00:00,Tamil Nadu,MADURAI RTO,TATA MOTORS PASSENGER VEHICLES LTD,0,0,0,0,0,0,0,0,0,7,7,0
2025-11-07T12:55:30.400253+00:00,Tamil Nadu,MADURAI RTO,TATA PASSENGER ELECTRIC MOBILITY LTD,0,0,0,0,0,0,0,1,0,0,1,1
2025-11-07T12:55:30.400253+00:00,Tamil Nadu,MADURAI RTO,TOYOTA KIRLOSKAR MOTOR PVT LTD,0,2,0,0,0,0,1,0,1,5,9,0
2025-11-07T12:55:30.418250+00:00,Tamil Nadu,MADURANTAGAM,HYUNDAI MOTOR INDIA LTD,0,0,0,0,1,0,0,0,0,4,5,0
2025-11-07T12:55:30.418250+00:00,Tamil Nadu,MADURANTAGAM,KIA INDIA PRIVATE LIMITED,0,0,0,0,0,0,0,0,0,1,1,0
2025-11-07T12:55:30.418250+00:00,Tamil Nadu,MADURANTAGAM,MARUTI SUZUKI INDIA LTD,0,0,0,0,8,2,0,0,0,0,10,0
2025-11-07T12:55:30.418250+00:00,Tamil Nadu,MADURANTAGAM,TATA MOTORS PASSENGER VEHICLES LTD,0,0,0,0,0,0,0,0,0,6,6,0
2025-11-07T12:55:30.418250+00:00,Tamil Nadu,MADURANTAGAM,TOYOTA KIRLOSKAR MOTOR PVT LTD,0,0,0,0,0,0,0,0,2,0,2,0
2025-11-07T12:55:30.438065+00:00,Tamil Nadu,ARANI RTO,HONDA CARS INDIA LTD,0,0,0,0,1,0,0,0,0,0,1,0
2025-11-07T12:55:30.438065+00:00,Tamil Nadu,ARANI RTO,HYUNDAI MOTOR INDIA LTD,0,0,0,0,0,0,0,0,0,3,3,0
2025-11-07T12:55:30.438065+00:00,Tamil Nadu,ARANI RTO,KIA INDIA PRIVATE LIMITED,0,2,0,0,0,0,0,0,0,1,3,0
2025-11-07T12:55:30.438065+00:00,Tamil Nadu,ARANI RTO,MAHINDRA & MAHINDRA LIMITED,0,1,0,0,1,0,0,0,0,1,3,0
2025-11-07T12:55:30.438065+00:00,Tamil Nadu,ARANI RTO,MARUTI SUZUKI INDIA LTD,0,0,0,0,0,0,1,0,0,0,1,0
2025-11-07T12:55:30.438065+00:00,Tamil Nadu,ARANI RTO,NISSAN MOTOR INDIA PVT LTD,0,0,0,0,1,0,0,0,0,0,1,0
2025-11-07T12:55:30.438065+00:00,Tamil Nadu,ARANI RTO,RENAULT INDIA PVT LTD,0,0,0,0,0,0,0,0,0,1,1,0
2025-11-07T12:55:30.438065+00:00,Tamil Nadu,ARANI RTO,TATA MOTORS PASSENGER VEHICLES LTD,0,0,0,0,0,0,0,0,0,1,1,0
2025-11-07T12:55:30.438065+00:00,Tamil Nadu,ARANI RTO,TATA PASSENGER ELECTRIC MOBILITY LTD,0,0,0,1,0,0,0,0,0,0,1,1
2025-11-07T12:55:30.438065+00:00,Tamil Nadu,ARANI RTO,TOYOTA KIRLOSKAR MOTOR PVT LTD,0,0,0,0,0,0,1,0,0,0,1,0
2025-11-07T12:55:30.458882+00:00,Tamil Nadu,MANAPARAI,HONDA CARS INDIA LTD,0,0,0,0,1,0,0,0,0,0,1,0
2025-11-07T12:55:30.458882+00:00,Tamil Nadu,MANAPARAI,HYUNDAI MOTOR INDIA LTD,0,1,0,0,0,0,0,0,0,2,3,0
2025-11-07T12:55:30.458882+00:00,Tamil Nadu,MANAPARAI,KIA INDIA PRIVATE LIMITED,0,0,0,0,0,0,0,0,0,2,2,0
2025-11-07T12:55:30.458882+00:00,Tamil Nadu,MANAPARAI,MAHINDRA & MAHINDRA LIMITED,0,6,0,0,0,0,0,0,0,0,6,0
2025-11-07T12:55:30.458882+00:00,Tamil Nadu,MANAPARAI,MARUTI SUZUKI INDIA LTD,0,0,0,0,1,3,0,0,0,0,4,0
2025-11-07T12:55:30.458882+00:00,Tamil Nadu,MANAPARAI,TATA MOTORS PASSENGER VEHICLES LTD,0,0,0,0,0,0,0,0,0,1,1,0
2025-11-07T12:55:30.458882+00:00,Tamil Nadu,MANAPARAI,TOYOTA KIRLOSKAR MOTOR PVT LTD,0,0,0,0,0,0,1,0,0,1,2,0
2025-11-07T12:55:30.478395+00:00,Tamil Nadu,MANMANGALAM,HYUNDAI MOTOR INDIA LTD,0,0,0,0,0,1,0,0,0,0,1,0
2025-11-07T12:55:30.478395+00:00,Tamil Nadu,MANMANGALAM,KIA INDIA PRIVATE LIMITED,0,1,0,0,0,0,0,0,0,3,4,0
2025-11-07T12:55:30.478395+00:00,Tamil Nadu,MANMANGALAM,MAHINDRA & MAHINDRA LIMITED,0,1,0,0,0,0,0,0,0,0,1,0
2025-11-07T12:55:30.478395+00:00,Tamil Nadu,MANMANGALAM,MARUTI SUZUKI INDIA LTD,0,0,0,0,5,2,0,0,1,0,8,0
2025-11-07T12:55:30.478395+00:00,Tamil Nadu,MANMANGALAM,TATA MOTORS PASSENGER VEHICLES LTD,0,0,0,0,0,0,0,0,0,2,2,0
2025-11-07T12:55:30.496547+00:00,Tamil Nadu,MANNARGUDI,HYUNDAI MOTOR INDIA LTD,0,0,0,0,0,0,0,0,0,1,1,0
2025-11-07T12:55:30.496547+00:00,Tamil Nadu,MANNARGUDI,MAHINDRA & MAHINDRA LIMITED,0,0,0,0,1,0,0,0,0,0,1,0
2025-11-07T12:55:30.496547+00:00,Tamil Nadu,MANNARGUDI,RENAULT INDIA PVT LTD,0,0,0,0,0,0,0,0,0,1,1,0
2025-11-07T12:55:30.496547+00:00,Tamil Nadu,MANNARGUDI,SKODA AUTO VOLKSWAGEN INDIA PVT LTD,0,0,0,0,0,0,0,0,0,1,1,0
2025-11-07T12:55:30.496547+00:00,Tamil Nadu,MANNARGUDI,TATA MOTORS PASSENGER VEHICLES LTD,0,0,0,0,0,0,0,0,0,1,1,0
2025-11-07T12:55:30.496547+00:00,Tamil Nadu,MANNARGUDI,TOYOTA KIRLOSKAR MOTOR PVT LTD,0,0,0,0,0,0,0,0,0,1,1,0
2025-11-07T12:55:30.519005+00:00,Tamil Nadu,MARTHANDAM RTO,HONDA CARS INDIA LTD,0,0,0,0,3,0,0,0,0,0,3,0
2025-11-07T12:55:30.519005+00:00,Tamil Nadu,MARTHANDAM RTO,HYUNDAI MOTOR INDIA LTD,0,0,0,0,0,0,0,0,0,9,9,0
2025-11-07T12:55:30.519005+00:00,Tamil Nadu,MARTHANDAM RTO,KIA INDIA PRIVATE LIMITED,0,1,0,0,1,0,0,0,0,5,7,0
2025-11-07T12:55:30.519005+00:00,Tamil Nadu,MARTHANDAM RTO,MAHINDRA & MAHINDRA LIMITED,0,5,0,0,2,0,0,0,0,0,7,0
2025-11-07T12:55:30.519005+00:00,Tamil Nadu,MARTHANDAM RTO,MARUTI SUZUKI INDIA LTD,0,0,0,0,15,5,7,0,0,0,27,0
2025-11-07T12:55:30.519005+00:00,Tamil Nadu,MARTHANDAM RTO,RENAULT INDIA PVT LTD,0,0,0,0,0,0,0,0,0,1,1,0
2025-11-07T12:55:30.519005+00:00,Tamil Nadu,MARTHANDAM RTO,SKODA AUTO VOLKSWAGEN INDIA PVT LTD,0,0,0,0,0,0,0,0,0,1,1,0
2025-11-07T12:55:30.519005+00:00,Tamil Nadu,MARTHANDAM RTO,STELLANTIS AUTOMOBILES INDIA PVT LTD,0,0,0,0,0,0,0,0,0,1,1,0
2025-11-07T12:55:30.519005+00:00,Tamil Nadu,MARTHANDAM RTO,TATA MOTORS PASSENGER VEHICLES LTD,0,1,0,0,0,0,0,0,0,12,13,0
2025-11-07T12:55:30.519005+00:00,Tamil Nadu,MARTHANDAM RTO,TATA PASSENGER ELECTRIC MOBILITY LTD,0,0,0,1,0,0,0,1,0,0,2,2
2025-11-07T12:55:30.519005+00:00,Tamil Nadu,MARTHANDAM RTO,TOYOTA KIRLOSKAR MOTOR PVT LTD,0,1,0,0,0,0,0,0,1,6,8,0
2025-11-07T12:55:30.537893+00:00,Tamil Nadu,MAYILADUTHURAI RTO,HYUNDAI MOTOR INDIA LTD,0,1,0,0,0,0,0,0,0,3,4,0
2025-11-07T12:55:30.537893+00:00,Tamil Nadu,MAYILADUTHURAI RTO,KIA INDIA PRIVATE LIMITED,0,0,0,0,0,0,0,0,0,2,2,0
2025-11-07T12:55:30.537893+00:00,Tamil Nadu,MAYILADUTHURAI RTO,MAHINDRA & MAHINDRA LIMITED,0,1,0,0,0,0,0,0,0,0,1,0
2025-11-07T12:55:30.537893+00:00,Tamil Nadu,MAYILADUTHURAI RTO,MARUTI SUZUKI INDIA LTD,0,0,0,0,2,3,0,0,0,0,5,0
2025-11-07T12:55:30.537893+00:00,Tamil Nadu,MAYILADUTHURAI RTO,NISSAN MOTOR INDIA PVT LTD,0,0,0,0,1,0,0,0,0,0,1,0
2025-11-07T12:55:30.537893+00:00,Tamil Nadu,MAYILADUTHURAI RTO,TATA MOTORS PASSENGER VEHICLES LTD,0,0,0,0,0,0,0,0,0,1,1,0
2025-11-07T12:55:30.556959+00:00,Tamil Nadu,MEENAMBAKKAM RTO,HONDA CARS INDIA LTD,0,0,0,0,5,0,0,0,0,0,5,0
2025-11-07T12:55:30.556959+00:00,Tamil Nadu,MEENAMBAKKAM RTO,HYUNDAI MOTOR INDIA LTD,0,1,0,0,0,0,0,0,0,21,22,0
2025-11-07T12:55:30.556959+00:00,Tamil Nadu,MEENAMBAKKAM RTO,JSW MG MOTOR INDIA PVT LTD,0,0,0,0,1,0,0,1,0,0,2,1
2025-11-07T12:55:30.556959+00:00,Tamil Nadu,MEENAMBAKKAM RTO,KIA INDIA PRIVATE LIMITED,0,0,0,0,0,0,0,0,0,9,9,0
2025-11-07T12:55:30.556959+00:00,Tamil Nadu,MEENAMBAKKAM RTO,MAHINDRA ELECTRIC AUTOMOBILE LTD,0,0,0,0,0,0,0,2,0,0,2,2
2025-11-07T12:55:30.556959+00:00,Tamil Nadu,MEENAMBAKKAM RTO,MAHINDRA & MAHINDRA LIMITED,0,7,0,0,5,0,0,0,0,0,12,0
2025-11-07T12:55:30.556959+00:00,Tamil Nadu,MEENAMBAKKAM RTO,MARUTI SUZUKI INDIA LTD,0,0,0,0,13,8,1,0,0,0,22,0
2025-11-07T12:55:30.556959+00:00,Tamil Nadu,MEENAMBAKKAM RTO,NISSAN MOTOR INDIA PVT LTD,0,0,0,0,3,0,0,0,0,0,3,0
2025-11-07T12:55:30.556959+00:00,Tamil Nadu,MEENAMBAKKAM RTO,RENAULT INDIA PVT LTD,0,0,0,0,0,0,0,0,0,5,5,0
2025-11-07T12:55:30.556959+00:00,Tamil Nadu,MEENAMBAKKAM RTO,SKODA AUTO VOLKSWAGEN INDIA PVT LTD,0,0,0,0,3,0,0,0,0,4,7,0
2025-11-07T12:55:30.556959+00:00,Tamil Nadu,MEENAMBAKKAM RTO,TATA MOTORS PASSENGER VEHICLES LTD,0,0,0,0,0,0,0,0,0,10,10,0
2025-11-07T12:55:30.556959+00:00,Tamil Nadu,MEENAMBAKKAM RTO,TATA PASSENGER ELECTRIC MOBILITY LTD,0,0,0,5,0,0,0,0,0,0,5,5
2025-11-07T12:55:30.556959+00:00,Tamil Nadu,MEENAMBAKKAM RTO,TOYOTA KIRLOSKAR MOTOR PVT LTD,0,0,0,0,0,0,1,0,3,4,8,0
2025-11-07T12:55:30.578126+00:00,Tamil Nadu,MELUR,HYUNDAI MOTOR INDIA LTD,0,0,0,0,0,0,0,0,0,3,3,0
2025-11-07T12:55:30.578126+00:00,Tamil Nadu,MELUR,KIA INDIA PRIVATE LIMITED,0,0,0,0,0,0,0,0,0,1,1,0
2025-11-07T12:55:30.578126+00:00,Tamil Nadu,MELUR,MAHINDRA & MAHINDRA LIMITED,0,2,0,0,0,0,0,0,0,0,2,0
2025-11-07T12:55:30.578126+00:00,Tamil Nadu,MELUR,MARUTI SUZUKI INDIA LTD,0,0,0,0,2,3,2,0,0,0,7,0
2025-11-07T12:55:30.578126+00:00,Tamil Nadu,MELUR,SKODA AUTO VOLKSWAGEN INDIA PVT LTD,0,0,0,0,1,0,0,0,0,0,1,0
2025-11-07T12:55:30.578126+00:00,Tamil Nadu,MELUR,STELLANTIS AUTOMOBILES INDIA PVT LTD,0,0,0,0,0,0,0,0,0,1,1,0
2025-11-07T12:55:30.578126+00:00,Tamil Nadu,MELUR,TATA MOTORS PASSENGER VEHICLES LTD,0,0,0,0,0,0,0,0,0,2,2,0
2025-11-07T12:55:30.578126+00:00,Tamil Nadu,MELUR,TOYOTA KIRLOSKAR MOTOR PVT LTD,0,2,0,0,0,0,0,0,1,1,4,0
2025-11-07T12:55:30.607469+00:00,Tamil Nadu,METTUPALAYAM RTO,HONDA CARS INDIA LTD,0,0,0,0,1,0,0,0,0,0,1,0
2025-11-07T12:55:30.607469+00:00,Tamil Nadu,METTUPALAYAM RTO,HYUNDAI MOTOR INDIA LTD,0,0,0,0,0,0,0,0,0,3,3,0
2025-11-07T12:55:30.607469+00:00,Tamil Nadu,METTUPALAYAM RTO,JSW MG MOTOR INDIA PVT LTD,0,0,0,0,0,0,0,1,0,0,1,1
2025-11-07T12:55:30.607469+00:00,Tamil Nadu,METTUPALAYAM RTO,KIA INDIA PRIVATE LIMITED,0,1,0,0,0,0,0,0,0,0,1,0
2025-11-07T12:55:30.607469+00:00,Tamil Nadu,METTUPALAYAM RTO,MAHINDRA & MAHINDRA LIMITED,0,5,0,0,4,0,0,0,0,0,9,0
2025-11-07T12:55:30.607469+00:00,Tamil Nadu,METTUPALAYAM RTO,MARUTI SUZUKI INDIA LTD,0,0,0,0,7,0,0,0,0,0,7,0
2025-11-07T12:55:30.607469+00:00,Tamil Nadu,METTUPALAYAM RTO,RENAULT INDIA PVT LTD,0,0,0,0,0,0,0,0,0,2,2,0
2025-11-07T12:55:30.607469+00:00,Tamil Nadu,METTUPALAYAM RTO,STELLANTIS AUTOMOBILES INDIA PVT LTD,0,0,0,0,0,0,0,0,0,1,1,0
2025-11-07T12:55:30.607469+00:00,Tamil Nadu,METTUPALAYAM RTO,TATA MOTORS PASSENGER VEHICLES LTD,0,0,0,0,0,1,0,0,0,2,3,0
2025-11-07T12:55:30.607469+00:00,Tamil Nadu,METTUPALAYAM RTO,TATA PASSENGER ELECTRIC MOBILITY LTD,0,0,0,0,0,0,0,1,0,0,1,1
2025-11-07T12:55:30.607469+00:00,Tamil Nadu,METTUPALAYAM RTO,TOYOTA KIRLOSKAR MOTOR PVT LTD,0,1,0,0,0,0,0,0,0,2,3,0
2025-11-07T12:55:30.634879+00:00,Tamil Nadu,METTUR RTO,HYUNDAI MOTOR INDIA LTD,0,1,0,0,0,0,0,0,0,0,1,0
2025-11-07T12:55:30.634879+00:00,Tamil Nadu,METTUR RTO,KIA INDIA PRIVATE LIMITED,0,1,0,0,0,0,0,0,0,3,4,0
2025-11-07T12:55:30.634879+00:00,Tamil Nadu,METTUR RTO,MAHINDRA & MAHINDRA LIMITED,0,1,0,0,1,0,0,0,0,0,2,0
2025-11-07T12:55:30.634879+00:00,Tamil Nadu,METTUR RTO,MARUTI SUZUKI INDIA LTD,0,0,0,0,6,1,0,0,1,0,8,0
2025-11-07T12:55:30.634879+00:00,Tamil Nadu,METTUR RTO,RENAULT INDIA PVT LTD,0,0,0,0,0,0,0,0,0,1,1,0
2025-11-07T12:55:30.634879+00:00,Tamil Nadu,METTUR RTO,SKODA AUTO VOLKSWAGEN INDIA PVT LTD,0,0,0,0,1,0,0,0,0,1,2,0
2025-11-07T12:55:30.634879+00:00,Tamil Nadu,METTUR RTO,STELLANTIS AUTOMOBILES INDIA PVT LTD,0,0,0,0,0,0,0,0,0,1,1,0
2025-11-07T12:55:30.634879+00:00,Tamil Nadu,METTUR RTO,TATA MOTORS PASSENGER VEHICLES LTD,0,1,0,0,0,0,0,0,0,2,3,0
2025-11-07T12:55:30.634879+00:00,Tamil Nadu,METTUR RTO,TOYOTA KIRLOSKAR MOTOR PVT LTD,0,0,0,0,0,0,0,0,0,2,2,0
2025-11-07T12:55:30.694196+00:00,Tamil Nadu,MUSURI,KIA INDIA PRIVATE LIMITED,0,0,0,0,0,0,0,0,0,1,1,0
2025-11-07T12:55:30.694196+00:00,Tamil Nadu,MUSURI,MAHINDRA & MAHINDRA LIMITED,0,1,0,0,0,0,0,0,0,0,1,0
2025-11-07T12:55:30.694196+00:00,Tamil Nadu,MUSURI,MARUTI SUZUKI INDIA LTD,0,0,0,0,4,1,0,0,0,0,5,0
2025-11-07T12:55:30.694196+00:00,Tamil Nadu,MUSURI,RENAULT INDIA PVT LTD,0,0,0,0,0,0,0,0,0,1,1,0
2025-11-07T12:55:30.694196+00:00,Tamil Nadu,MUSURI,TATA MOTORS PASSENGER VEHICLES LTD,0,0,0,0,0,0,0,0,0,1,1,0
2025-11-07T12:55:30.694196+00:00,Tamil Nadu,MUSURI,TOYOTA KIRLOSKAR MOTOR PVT LTD,0,0,0,0,0,0,0,0,0,3,3,0
2025-11-07T12:55:30.709728+00:00,Tamil Nadu,ARANTHANGI,HONDA CARS INDIA LTD,0,0,0,0,1,0,0,0,0,0,1,0
2025-11-07T12:55:30.709728+00:00,Tamil Nadu,ARANTHANGI,HYUNDAI MOTOR INDIA LTD,0,1,0,0,0,0,0,0,0,1,2,0
2025-11-07T12:55:30.709728+00:00,Tamil Nadu,ARANTHANGI,KIA INDIA PRIVATE LIMITED,0,0,0,0,0,0,0,0,0,1,1,0
2025-11-07T12:55:30.709728+00:00,Tamil Nadu,ARANTHANGI,MARUTI SUZUKI INDIA LTD,0,0,0,0,0,1,0,0,0,0,1,0
2025-11-07T12:55:30.709728+00:00,Tamil Nadu,ARANTHANGI,TATA MOTORS PASSENGER VEHICLES LTD,0,0,0,0,0,0,0,0,0,2,2,0
2025-11-07T12:55:30.709728+00:00,Tamil Nadu,ARANTHANGI,TOYOTA KIRLOSKAR MOTOR PVT LTD,0,0,0,0,0,0,0,0,0,0,0,0
2025-11-07T12:55:30.730774+00:00,Tamil Nadu,NAGAPATTINAM RTO,HYUNDAI MOTOR INDIA LTD,0,0,0,0,0,1,0,0,0,3,4,0
2025-11-07T12:55:30.730774+00:00,Tamil Nadu,NAGAPATTINAM RTO,KIA INDIA PRIVATE LIMITED,0,0,0,0,0,0,0,0,0,2,2,0
2025-11-07T12:55:30.730774+00:00,Tamil Nadu,NAGAPATTINAM RTO,MAHINDRA & MAHINDRA LIMITED,0,1,0,0,0,0,0,0,0,0,1,0
2025-11-07T12:55:30.730774+00:00,Tamil Nadu,NAGAPATTINAM RTO,MARUTI SUZUKI INDIA LTD,0,0,0,0,4,1,0,0,1,0,6,0
2025-11-07T12:55:30.730774+00:00,Tamil Nadu,NAGAPATTINAM RTO,RENAULT INDIA PVT LTD,0,0,0,0,0,0,0,0,0,1,1,0
2025-11-07T12:55:30.730774+00:00,Tamil Nadu,NAGAPATTINAM RTO,TATA MOTORS PASSENGER VEHICLES LTD,0,1,0,0,0,0,0,0,0,0,1,0
2025-11-07T12:55:30.730774+00:00,Tamil Nadu,NAGAPATTINAM RTO,TOYOTA KIRLOSKAR MOTOR PVT LTD,0,0,0,0,1,0,0,0,0,2,3,0
2025-11-07T12:55:30.760520+00:00,Tamil Nadu,NAGERCOIL RTO,HONDA CARS INDIA LTD,0,0,0,0,1,0,0,0,0,0,1,0
2025-11-07T12:55:30.760520+00:00,Tamil Nadu,NAGERCOIL RTO,HYUNDAI MOTOR INDIA LTD,0,2,0,0,1,0,0,0,0,8,11,0
2025-11-07T12:55:30.760520+00:00,Tamil Nadu,NAGERCOIL RTO,KIA INDIA PRIVATE LIMITED,0,1,0,0,0,0,0,0,0,2,3,0
2025-11-07T12:55:30.760520+00:00,Tamil Nadu,NAGERCOIL RTO,MAHINDRA & MAHINDRA LIMITED,0,4,0,0,0,0,0,0,0,0,4,0
2025-11-07T12:55:30.760520+00:00,Tamil Nadu,NAGERCOIL RTO,MARUTI SUZUKI INDIA LTD,0,0,0,0,10,1,2,0,0,0,13,0
2025-11-07T12:55:30.760520+00:00,Tamil Nadu,NAGERCOIL RTO,NISSAN MOTOR INDIA PVT LTD,0,0,0,0,2,0,0,0,0,0,2,0
2025-11-07T12:55:30.760520+00:00,Tamil Nadu,NAGERCOIL RTO,RENAULT INDIA PVT LTD,0,0,0,0,0,0,0,0,0,5,5,0
2025-11-07T12:55:30.760520+00:00,Tamil Nadu,NAGERCOIL RTO,SKODA AUTO VOLKSWAGEN INDIA PVT LTD,0,0,0,0,1,0,0,0,0,1,2,0
2025-11-07T12:55:30.760520+00:00,Tamil Nadu,NAGERCOIL RTO,STELLANTIS AUTOMOBILES INDIA PVT LTD,0,0,0,0,0,0,0,0,0,1,1,0
2025-11-07T12:55:30.760520+00:00,Tamil Nadu,NAGERCOIL RTO,TATA MOTORS PASSENGER VEHICLES LTD,0,1,0,0,0,0,0,0,0,4,5,0
2025-11-07T12:55:30.760520+00:00,Tamil Nadu,NAGERCOIL RTO,TATA PASSENGER ELECTRIC MOBILITY LTD,0,0,0,1,0,0,0,1,0,0,2,2
2025-11-07T12:55:30.760520+00:00,Tamil Nadu,NAGERCOIL RTO,TOYOTA KIRLOSKAR MOTOR PVT LTD,0,1,0,0,0,0,2,0,3,5,11,0
2025-11-07T12:55:30.779792+00:00,Tamil Nadu,NAMAKKAL RTO,HONDA CARS INDIA LTD,0,0,0,0,1,0,0,0,0,0,1,0
2025-11-07T12:55:30.779792+00:00,Tamil Nadu,NAMAKKAL RTO,HYUNDAI MOTOR INDIA LTD,0,0,0,0,0,0,0,0,0,1,1,0
2025-11-07T12:55:30.779792+00:00,Tamil Nadu,NAMAKKAL RTO,KIA INDIA PRIVATE LIMITED,0,1,0,0,0,0,0,0,0,0,1,0
2025-11-07T12:55:30.779792+00:00,Tamil Nadu,NAMAKKAL RTO,MAHINDRA & MAHINDRA LIMITED,0,3,0,0,0,0,0,0,0,0,3,0
2025-11-07T12:55:30.779792+00:00,Tamil Nadu,NAMAKKAL RTO,MARUTI SUZUKI INDIA LTD,0,0,0,0,5,2,0,0,0,0,7,0
2025-11-07T12:55:30.779792+00:00,Tamil Nadu,NAMAKKAL RTO,RENAULT INDIA PVT LTD,0,0,0,0,0,0,0,0,0,1,1,0
2025-11-07T12:55:30.779792+00:00,Tamil Nadu,NAMAKKAL RTO,SKODA AUTO VOLKSWAGEN INDIA PVT LTD,0,0,0,0,1,0,0,0,0,1,2,0
2025-11-07T12:55:30.779792+00:00,Tamil Nadu,NAMAKKAL RTO,TATA MOTORS PASSENGER VEHICLES LTD,0,0,0,0,0,1,0,0,0,3,4,0
2025-11-07T12:55:30.779792+00:00,Tamil Nadu,NAMAKKAL RTO,TOYOTA KIRLOSKAR MOTOR PVT LTD,0,0,0,0,0,0,0,0,0,3,3,0
2025-11-07T12:55:30.779792+00:00,Tamil Nadu,NAMAKKAL RTO,VOLKSWAGEN AG,0,0,0,0,1,0,0,0,0,0,1,0
2025-11-07T12:55:30.800001+00:00,Tamil Nadu,NAMAKKAL RTO,HYUNDAI MOTOR INDIA LTD,0,0,0,0,0,0,0,0,0,2,2,0
2025-11-07T12:55:30.800001+00:00,Tamil Nadu,NAMAKKAL RTO,JSW MG MOTOR INDIA PVT LTD,0,0,0,1,1,0,0,1,0,0,3,2
2025-11-07T12:55:30.800001+00:00,Tamil Nadu,NAMAKKAL RTO,KIA INDIA PRIVATE LIMITED,0,0,0,0,0,0,0,0,0,1,1,0
2025-11-07T12:55:30.800001+00:00,Tamil Nadu,NAMAKKAL RTO,MAHINDRA & MAHINDRA LIMITED,0,2,0,0,1,0,0,0,0,0,3,0
2025-11-07T12:55:30.800001+00:00,Tamil Nadu,NAMAKKAL RTO,MARUTI SUZUKI INDIA LTD,0,0,0,0,5,0,0,0,1,0,6,0
2025-11-07T12:55:30.800001+00:00,Tamil Nadu,NAMAKKAL RTO,RENAULT INDIA PVT LTD,0,0,0,0,0,0,0,0,0,1,1,0
2025-11-07T12:55:30.800001+00:00,Tamil Nadu,NAMAKKAL RTO,SKODA AUTO VOLKSWAGEN INDIA PVT LTD,0,0,0,0,1,0,0,0,0,1,2,0
2025-11-07T12:55:30.800001+00:00,Tamil Nadu,NAMAKKAL RTO,TATA MOTORS PASSENGER VEHICLES LTD,0,0,0,0,0,0,0,0,0,3,3,0
2025-11-07T12:55:30.800001+00:00,Tamil Nadu,NAMAKKAL RTO,TATA PASSENGER ELECTRIC MOBILITY LTD,0,0,0,0,0,0,0,1,0,0,1,1
2025-11-07T12:55:30.817053+00:00,Tamil Nadu,NATHAM,MARUTI SUZUKI INDIA LTD,0,0,0,0,1,1,0,0,0,0,2,0
2025-11-07T12:55:30.817053+00:00,Tamil Nadu,NATHAM,TATA MOTORS PASSENGER VEHICLES LTD,0,0,0,0,0,0,0,0,0,1,1,0
2025-11-07T12:55:30.817053+00:00,Tamil Nadu,NATHAM,TOYOTA KIRLOSKAR MOTOR PVT LTD,0,0,0,0,0,1,0,0,0,1,2,0
2025-11-07T12:55:30.834748+00:00,Tamil Nadu,NEYVELI,HONDA CARS INDIA LTD,0,0,0,0,1,0,0,0,0,0,1,0
2025-11-07T12:55:30.834748+00:00,Tamil Nadu,NEYVELI,HYUNDAI MOTOR INDIA LTD,0,0,0,0,0,0,0,0,0,1,1,0
2025-11-07T12:55:30.834748+00:00,Tamil Nadu,NEYVELI,MAHINDRA & MAHINDRA LIMITED,0,3,0,0,0,0,0,0,0,0,3,0
2025-11-07T12:55:30.834748+00:00,Tamil Nadu,NEYVELI,MARUTI SUZUKI INDIA LTD,0,0,0,0,6,2,2,0,0,0,10,0
2025-11-07T12:55:30.834748+00:00,Tamil Nadu,NEYVELI,TATA MOTORS PASSENGER VEHICLES LTD,0,0,0,0,0,0,0,0,0,1,1,0
2025-11-07T12:55:30.855774+00:00,Tamil Nadu,ODDANCHATRAM,HYUNDAI MOTOR INDIA LTD,0,0,0,0,0,0,0,0,0,1,1,0
2025-11-07T12:55:30.855774+00:00,Tamil Nadu,ODDANCHATRAM,KIA INDIA PRIVATE LIMITED,0,1,0,0,0,0,0,0,0,0,1,0
2025-11-07T12:55:30.855774+00:00,Tamil Nadu,ODDANCHATRAM,MARUTI SUZUKI INDIA LTD,0,0,0,0,2,0,0,0,0,0,2,0
2025-11-07T12:55:30.855774+00:00,Tamil Nadu,ODDANCHATRAM,SKODA AUTO VOLKSWAGEN INDIA PVT LTD,0,0,0,0,0,0,0,0,0,1,1,0
2025-11-07T12:55:30.855774+00:00,Tamil Nadu,ODDANCHATRAM,TATA MOTORS PASSENGER VEHICLES LTD,0,0,0,0,1,0,0,0,0,0,1,0
2025-11-07T12:55:30.855774+00:00,Tamil Nadu,ODDANCHATRAM,TOYOTA KIRLOSKAR MOTOR PVT LTD,0,0,0,0,0,0,0,0,0,1,1,0
2025-11-07T12:55:30.876226+00:00,Tamil Nadu,OMALURE,HYUNDAI MOTOR INDIA LTD,0,0,0,0,0,0,0,0,0,1,1,0
2025-11-07T12:55:30.876226+00:00,Tamil Nadu,OMALURE,JSW MG MOTOR INDIA PVT LTD,0,0,0,0,0,0,0,2,0,0,2,2
2025-11-07T12:55:30.876226+00:00,Tamil Nadu,OMALURE,KIA INDIA PRIVATE LIMITED,0,1,0,0,0,0,0,0,0,1,2,0
2025-11-07T12:55:30.876226+00:00,Tamil Nadu,OMALURE,MAHINDRA & MAHINDRA LIMITED,0,3,0,0,0,0,0,0,0,0,3,0
2025-11-07T12:55:30.876226+00:00,Tamil Nadu,OMALURE,MARUTI SUZUKI INDIA LTD,0,0,0,0,7,0,3,0,0,0,10,0
2025-11-07T12:55:30.876226+00:00,Tamil Nadu,OMALURE,NISSAN MOTOR INDIA PVT LTD,0,0,0,0,3,0,0,0,0,0,3,0
2025-11-07T12:55:30.876226+00:00,Tamil Nadu,OMALURE,TATA PASSENGER ELECTRIC MOBILITY LTD,0,0,0,1,0,0,0,1,0,0,2,2
2025-11-07T12:55:30.876226+00:00,Tamil Nadu,OMALURE,TOYOTA KIRLOSKAR MOTOR PVT LTD,0,1,0,0,0,0,0,0,0,2,3,0
2025-11-07T12:55:30.890222+00:00,Tamil Nadu,OOTY RTO,HONDA CARS INDIA LTD,0,0,0,0,2,0,0,0,0,0,2,0
2025-11-07T12:55:30.890222+00:00,Tamil Nadu,OOTY RTO,HYUNDAI MOTOR INDIA LTD,0,0,0,0,0,3,0,0,0,6,9,0
2025-11-07T12:55:30.890222+00:00,Tamil Nadu,OOTY RTO,JSW MG MOTOR INDIA PVT LTD,0,0,0,0,0,0,0,1,0,0,1,1
2025-11-07T12:55:30.890222+00:00,Tamil Nadu,OOTY RTO,KIA INDIA PRIVATE LIMITED,0,0,0,0,0,0,0,0,0,3,3,0
2025-11-07T12:55:30.890222+00:00,Tamil Nadu,OOTY RTO,MAHINDRA & MAHINDRA LIMITED,0,3,0,0,5,0,0,0,0,0,8,0
2025-11-07T12:55:30.890222+00:00,Tamil Nadu,OOTY RTO,MARUTI SUZUKI INDIA LTD,0,0,0,0,13,0,1,0,0,0,14,0
2025-11-07T12:55:30.890222+00:00,Tamil Nadu,OOTY RTO,NISSAN MOTOR INDIA PVT LTD,0,0,0,0,1,0,0,0,0,0,1,0
2025-11-07T12:55:30.890222+00:00,Tamil Nadu,OOTY RTO,TATA MOTORS PASSENGER VEHICLES LTD,0,1,0,0,0,0,0,0,0,8,9,0
2025-11-07T12:55:30.890222+00:00,Tamil Nadu,OOTY RTO,TATA PASSENGER ELECTRIC MOBILITY LTD,0,0,0,2,0,0,0,1,0,0,3,3
2025-11-07T12:55:30.890222+00:00,Tamil Nadu,OOTY RTO,TOYOTA KIRLOSKAR MOTOR PVT LTD,0,0,0,0,0,0,1,0,1,3,5,0
2025-11-07T12:55:30.914305+00:00,Tamil Nadu,PALACODE,HYUNDAI MOTOR INDIA LTD,0,0,0,0,0,0,0,0,0,1,1,0
2025-11-07T12:55:30.914305+00:00,Tamil Nadu,PALACODE,KIA INDIA PRIVATE LIMITED,0,0,0,0,0,0,0,0,0,1,1,0
2025-11-07T12:55:30.914305+00:00,Tamil Nadu,PALACODE,MAHINDRA & MAHINDRA LIMITED,0,3,0,0,0,0,0,0,0,0,3,0
2025-11-07T12:55:30.914305+00:00,Tamil Nadu,PALACODE,MARUTI SUZUKI INDIA LTD,0,0,0,0,1,1,2,0,0,0,4,0
2025-11-07T12:55:30.914305+00:00,Tamil Nadu,PALACODE,RENAULT INDIA PVT LTD,0,0,0,0,0,0,0,0,0,2,2,0
2025-11-07T12:55:30.914305+00:00,Tamil Nadu,PALACODE,TATA PASSENGER ELECTRIC MOBILITY LTD,0,0,0,0,0,0,0,1,0,0,1,1
2025-11-07T12:55:30.914305+00:00,Tamil Nadu,PALACODE,TOYOTA KIRLOSKAR MOTOR PVT LTD,0,2,0,0,0,0,0,0,0,1,3,0
2025-11-07T12:55:30.931963+00:00,Tamil Nadu,ARAVAKURICHI,HONDA CARS INDIA LTD,0,0,0,0,1,0,0,0,0,0,1,0
2025-11-07T12:55:30.931963+00:00,Tamil Nadu,ARAVAKURICHI,HYUNDAI MOTOR INDIA LTD,0,1,0,0,0,0,0,0,0,1,2,0
2025-11-07T12:55:30.931963+00:00,Tamil Nadu,ARAVAKURICHI,MAHINDRA & MAHINDRA LIMITED,0,1,0,0,0,0,0,0,0,0,1,0
2025-11-07T12:55:30.931963+00:00,Tamil Nadu,ARAVAKURICHI,MARUTI SUZUKI INDIA LTD,0,0,0,0,1,0,1,0,0,0,2,0
2025-11-07T12:55:30.931963+00:00,Tamil Nadu,ARAVAKURICHI,SKODA AUTO VOLKSWAGEN INDIA PVT LTD,0,0,0,0,1,0,0,0,0,0,1,0
2025-11-07T12:55:30.931963+00:00,Tamil Nadu,ARAVAKURICHI,TOYOTA KIRLOSKAR MOTOR PVT LTD,0,1,0,0,0,0,1,0,0,1,3,0
2025-11-07T12:55:30.953615+00:00,Tamil Nadu,PALANI RTO,HYUNDAI MOTOR INDIA LTD,0,0,0,0,0,0,0,0,0,2,2,0
2025-11-07T12:55:30.953615+00:00,Tamil Nadu,PALANI RTO,KIA INDIA PRIVATE LIMITED,0,0,0,0,0,0,0,0,0,1,1,0
2025-11-07T12:55:30.953615+00:00,Tamil Nadu,PALANI RTO,MAHINDRA & MAHINDRA LIMITED,0,2,0,0,0,0,0,0,0,0,2,0
2025-11-07T12:55:30.953615+00:00,Tamil Nadu,PALANI RTO,MARUTI SUZUKI INDIA LTD,0,0,0,0,1,1,0,0,0,0,2,0
2025-11-07T12:55:30.953615+00:00,Tamil Nadu,PALANI RTO,TATA MOTORS PASSENGER VEHICLES LTD,0,0,0,0,0,1,0,0,0,0,1,0
2025-11-07T12:55:30.953615+00:00,Tamil Nadu,PALANI RTO,TATA PASSENGER ELECTRIC MOBILITY LTD,0,0,0,0,0,0,0,1,0,0,1,1
2025-11-07T12:55:30.953615+00:00,Tamil Nadu,PALANI RTO,TOYOTA KIRLOSKAR MOTOR PVT LTD,0,1,0,0,0,0,0,0,1,0,2,0
2025-11-07T12:55:30.967448+00:00,Tamil Nadu,PANRUTI,HONDA CARS INDIA LTD,0,0,0,0,1,0,0,0,0,0,1,0
2025-11-07T12:55:30.967448+00:00,Tamil Nadu,PANRUTI,KIA INDIA PRIVATE LIMITED,0,1,0,0,0,0,0,0,0,0,1,0
2025-11-07T12:55:30.967448+00:00,Tamil Nadu,PANRUTI,MARUTI SUZUKI INDIA LTD,0,0,0,0,0,3,1,0,0,0,4,0
2025-11-07T12:55:30.967448+00:00,Tamil Nadu,PANRUTI,SKODA AUTO VOLKSWAGEN INDIA PVT LTD,0,0,0,0,1,0,0,0,0,0,1,0
2025-11-07T12:55:30.967448+00:00,Tamil Nadu,PANRUTI,TATA MOTORS PASSENGER VEHICLES LTD,0,0,0,0,0,0,0,0,0,1,1,0
2025-11-07T12:55:30.967448+00:00,Tamil Nadu,PANRUTI,TOYOTA KIRLOSKAR MOTOR PVT LTD,0,0,0,0,0,0,1,0,0,0,1,0
2025-11-07T12:55:30.987739+00:00,Tamil Nadu,PARAMAKUDI,HYUNDAI MOTOR INDIA LTD,0,0,0,0,0,0,0,0,0,2,2,0
2025-11-07T12:55:30.987739+00:00,Tamil Nadu,PARAMAKUDI,JSW MG MOTOR INDIA PVT LTD,0,0,0,0,1,0,0,1,0,0,2,1
2025-11-07T12:55:30.987739+00:00,Tamil Nadu,PARAMAKUDI,KIA INDIA PRIVATE LIMITED,0,0,0,0,0,0,0,0,0,2,2,0
2025-11-07T12:55:30.987739+00:00,Tamil Nadu,PARAMAKUDI,MAHINDRA & MAHINDRA LIMITED,0,1,0,0,0,0,0,0,0,0,1,0
2025-11-07T12:55:30.987739+00:00,Tamil Nadu,PARAMAKUDI,MARUTI SUZUKI INDIA LTD,0,0,0,0,2,8,1,0,0,1,12,0
2025-11-07T12:55:30.987739+00:00,Tamil Nadu,PARAMAKUDI,RENAULT INDIA PVT LTD,0,0,0,0,0,0,0,0,0,1,1,0
2025-11-07T12:55:30.987739+00:00,Tamil Nadu,PARAMAKUDI,SKODA AUTO VOLKSWAGEN INDIA PVT LTD,0,0,0,0,1,0,0,0,0,0,1,0
2025-11-07T12:55:30.987739+00:00,Tamil Nadu,PARAMAKUDI,TATA MOTORS PASSENGER VEHICLES LTD,0,0,0,0,0,0,0,0,0,4,4,0
2025-11-07T12:55:30.987739+00:00,Tamil Nadu,PARAMAKUDI,TOYOTA KIRLOSKAR MOTOR PVT LTD,0,2,0,0,0,0,1,0,0,2,5,0
2025-11-07T12:55:31.010343+00:00,Tamil Nadu,PARAMATHI VELLURE,HYUNDAI MOTOR INDIA LTD,0,1,0,0,0,0,0,0,0,0,1,0
2025-11-07T12:55:31.010343+00:00,Tamil Nadu,PARAMATHI VELLURE,KIA INDIA PRIVATE LIMITED,0,1,0,0,0,0,0,0,0,0,1,0
2025-11-07T12:55:31.010343+00:00,Tamil Nadu,PARAMATHI VELLURE,MAHINDRA & MAHINDRA LIMITED,0,1,0,0,0,0,0,0,0,0,1,0
2025-11-07T12:55:31.010343+00:00,Tamil Nadu,PARAMATHI VELLURE,MARUTI SUZUKI INDIA LTD,0,0,0,0,1,1,1,0,0,0,3,0
2025-11-07T12:55:31.010343+00:00,Tamil Nadu,PARAMATHI VELLURE,TATA MOTORS PASSENGER VEHICLES LTD,0,0,0,0,0,0,0,0,0,3,3,0
2025-11-07T12:55:31.010343+00:00,Tamil Nadu,PARAMATHI VELLURE,TATA PASSENGER ELECTRIC MOBILITY LTD,0,0,0,0,0,0,0,1,0,0,1,1
2025-11-07T12:55:31.029392+00:00,Tamil Nadu,PATTUKOTTAI UNIT OFFICE,HYUNDAI MOTOR INDIA LTD,0,1,0,0,0,0,0,0,0,3,4,0
2025-11-07T12:55:31.029392+00:00,Tamil Nadu,PATTUKOTTAI UNIT OFFICE,KIA INDIA PRIVATE LIMITED,0,0,0,0,0,0,0,0,0,1,1,0
2025-11-07T12:55:31.029392+00:00,Tamil Nadu,PATTUKOTTAI UNIT OFFICE,MAHINDRA & MAHINDRA LIMITED,0,1,0,0,2,0,0,0,0,0,3,0
2025-11-07T12:55:31.029392+00:00,Tamil Nadu,PATTUKOTTAI UNIT OFFICE,MARUTI SUZUKI INDIA LTD,0,0,0,0,3,0,0,0,0,0,3,0
2025-11-07T12:55:31.029392+00:00,Tamil Nadu,PATTUKOTTAI UNIT OFFICE,RENAULT INDIA PVT LTD,0,0,0,0,0,0,0,0,0,1,1,0
2025-11-07T12:55:31.029392+00:00,Tamil Nadu,PATTUKOTTAI UNIT OFFICE,TATA MOTORS PASSENGER VEHICLES LTD,0,0,0,0,0,0,0,0,0,3,3,0
2025-11-07T12:55:31.029392+00:00,Tamil Nadu,PATTUKOTTAI UNIT OFFICE,TOYOTA KIRLOSKAR MOTOR PVT LTD,0,1,0,0,0,1,1,0,1,3,7,0
2025-11-07T12:55:31.050481+00:00,Tamil Nadu,PERAMBALUR RTO,HYUNDAI MOTOR INDIA LTD,0,2,0,0,1,0,0,0,0,4,7,0
2025-11-07T12:55:31.050481+00:00,Tamil Nadu,PERAMBALUR RTO,KIA INDIA PRIVATE LIMITED,0,0,0,0,0,0,0,0,0,2,2,0
2025-11-07T12:55:31.050481+00:00,Tamil Nadu,PERAMBALUR RTO,MAHINDRA & MAHINDRA LIMITED,0,2,0,0,1,0,0,0,0,0,3,0
2025-11-07T12:55:31.050481+00:00,Tamil Nadu,PERAMBALUR RTO,MARUTI SUZUKI INDIA LTD,0,0,0,0,5,2,1,0,0,0,8,0
2025-11-07T12:55:31.050481+00:00,Tamil Nadu,PERAMBALUR RTO,RENAULT INDIA PVT LTD,0,0,0,0,0,0,0,0,0,1,1,0
2025-11-07T12:55:31.050481+00:00,Tamil Nadu,PERAMBALUR RTO,TATA MOTORS PASSENGER VEHICLES LTD,0,1,0,0,0,0,0,0,0,1,2,0
2025-11-07T12:55:31.050481+00:00,Tamil Nadu,PERAMBALUR RTO,TOYOTA KIRLOSKAR MOTOR PVT LTD,0,1,0,0,0,0,0,0,0,0,1,0
2025-11-07T12:55:31.071652+00:00,Tamil Nadu,PERUNDURAI RTO,HONDA CARS INDIA LTD,0,0,0,0,2,0,0,0,0,0,2,0
2025-11-07T12:55:31.071652+00:00,Tamil Nadu,PERUNDURAI RTO,HYUNDAI MOTOR INDIA LTD,0,0,0,0,0,0,0,0,0,2,2,0
2025-11-07T12:55:31.071652+00:00,Tamil Nadu,PERUNDURAI RTO,KIA INDIA PRIVATE LIMITED,0,0,0,0,0,0,0,1,0,2,3,1
2025-11-07T12:55:31.071652+00:00,Tamil Nadu,PERUNDURAI RTO,MAHINDRA ELECTRIC AUTOMOBILE LTD,0,0,0,0,0,0,0,1,0,0,1,1
2025-11-07T12:55:31.071652+00:00,Tamil Nadu,PERUNDURAI RTO,MAHINDRA & MAHINDRA LIMITED,0,3,0,0,1,0,0,0,0,0,4,0
2025-11-07T12:55:31.071652+00:00,Tamil Nadu,PERUNDURAI RTO,MARUTI SUZUKI INDIA LTD,0,0,0,0,8,3,0,0,0,0,11,0
2025-11-07T12:55:31.071652+00:00,Tamil Nadu,PERUNDURAI RTO,SKODA AUTO VOLKSWAGEN INDIA PVT LTD,0,0,0,0,1,0,0,0,0,0,1,0
2025-11-07T12:55:31.071652+00:00,Tamil Nadu,PERUNDURAI RTO,TATA MOTORS PASSENGER VEHICLES LTD,0,0,0,0,0,0,0,0,0,1,1,0
2025-11-07T12:55:31.071652+00:00,Tamil Nadu,PERUNDURAI RTO,TATA PASSENGER ELECTRIC MOBILITY LTD,0,0,0,0,0,0,0,3,0,0,3,3
2025-11-07T12:55:31.071652+00:00,Tamil Nadu,PERUNDURAI RTO,TOYOTA KIRLOSKAR MOTOR PVT LTD,0,0,0,0,0,0,0,0,0,1,1,0
2025-11-07T12:55:31.092375+00:00,Tamil Nadu,POLLACHI RTO,HYUNDAI MOTOR INDIA LTD,0,1,0,0,1,1,0,0,0,3,6,0
2025-11-07T12:55:31.092375+00:00,Tamil Nadu,POLLACHI RTO,JSW MG MOTOR INDIA PVT LTD,0,0,0,0,0,0,0,1,0,0,1,1
2025-11-07T12:55:31.092375+00:00,Tamil Nadu,POLLACHI RTO,KIA INDIA PRIVATE LIMITED,0,2,0,0,0,0,0,0,0,9,11,0
2025-11-07T12:55:31.092375+00:00,Tamil Nadu,POLLACHI RTO,MAHINDRA ELECTRIC AUTOMOBILE LTD,0,0,0,0,0,0,0,1,0,0,1,1
2025-11-07T12:55:31.092375+00:00,Tamil Nadu,POLLACHI RTO,MAHINDRA & MAHINDRA LIMITED,0,4,0,0,1,0,0,0,0,1,6,0
2025-11-07T12:55:31.092375+00:00,Tamil Nadu,POLLACHI RTO,MARUTI SUZUKI INDIA LTD,0,0,0,0,16,4,2,0,0,0,22,0
2025-11-07T12:55:31.092375+00:00,Tamil Nadu,POLLACHI RTO,MERCEDES-BENZ INDIA PVT LTD,0,0,1,0,0,0,0,0,0,0,1,0
2025-11-07T12:55:31.092375+00:00,Tamil Nadu,POLLACHI RTO,SKODA AUTO VOLKSWAGEN INDIA PVT LTD,0,0,0,0,0,0,0,0,0,3,3,0
2025-11-07T12:55:31.092375+00:00,Tamil Nadu,POLLACHI RTO,STELLANTIS AUTOMOBILES INDIA PVT LTD,0,0,0,0,0,0,0,0,0,1,1,0
2025-11-07T12:55:31.092375+00:00,Tamil Nadu,POLLACHI RTO,TATA MOTORS PASSENGER VEHICLES LTD,0,1,0,0,0,1,0,0,0,12,14,0
2025-11-07T12:55:31.092375+00:00,Tamil Nadu,POLLACHI RTO,TATA PASSENGER ELECTRIC MOBILITY LTD,0,0,0,0,0,0,0,2,0,0,2,2
2025-11-07T12:55:31.092375+00:00,Tamil Nadu,POLLACHI RTO,TOYOTA KIRLOSKAR MOTOR PVT LTD,0,0,0,0,1,0,2,0,1,2,6,0
2025-11-07T12:55:31.113784+00:00,Tamil Nadu,POONAMALLEE RTO,BMW INDIA PVT LTD,0,0,0,0,0,0,0,0,0,1,1,0
2025-11-07T12:55:31.113784+00:00,Tamil Nadu,POONAMALLEE RTO,HONDA CARS INDIA LTD,0,0,0,0,1,0,0,0,0,0,1,0
2025-11-07T12:55:31.113784+00:00,Tamil Nadu,POONAMALLEE RTO,HYUNDAI MOTOR INDIA LTD,0,4,0,0,2,1,0,0,0,30,37,0
2025-11-07T12:55:31.113784+00:00,Tamil Nadu,POONAMALLEE RTO,JSW MG MOTOR INDIA PVT LTD,0,0,0,0,0,0,0,2,0,0,2,2
2025-11-07T12:55:31.113784+00:00,Tamil Nadu,POONAMALLEE RTO,KIA INDIA PRIVATE LIMITED,0,4,0,0,0,0,0,1,0,15,20,1
2025-11-07T12:55:31.113784+00:00,Tamil Nadu,POONAMALLEE RTO,MAHINDRA & MAHINDRA LIMITED,0,5,0,0,3,0,0,0,0,0,8,0
2025-11-07T12:55:31.113784+00:00,Tamil Nadu,POONAMALLEE RTO,MARUTI SUZUKI INDIA LTD,0,0,0,0,28,15,5,0,0,0,48,0
2025-11-07T12:55:31.113784+00:00,Tamil Nadu,POONAMALLEE RTO,MERCEDES-BENZ INDIA PVT LTD,0,0,1,0,0,0,1,0,0,0,2,0
2025-11-07T12:55:31.113784+00:00,Tamil Nadu,POONAMALLEE RTO,NISSAN MOTOR INDIA PVT LTD,0,0,0,0,4,0,0,0,0,0,4,0
2025-11-07T12:55:31.113784+00:00,Tamil Nadu,POONAMALLEE RTO,RENAULT INDIA PVT LTD,0,0,0,0,0,0,0,0,0,5,5,0
2025-11-07T12:55:31.113784+00:00,Tamil Nadu,POONAMALLEE RTO,SKODA AUTO VOLKSWAGEN INDIA PVT LTD,0,0,0,0,0,0,0,0,0,2,2,0
2025-11-07T12:55:31.113784+00:00,Tamil Nadu,POONAMALLEE RTO,STELLANTIS AUTOMOBILES INDIA PVT LTD,0,0,0,0,0,0,0,0,0,1,1,0
2025-11-07T12:55:31.113784+00:00,Tamil Nadu,POONAMALLEE RTO,TATA MOTORS PASSENGER VEHICLES LTD,0,5,0,0,0,0,0,0,0,12,17,0
2025-11-07T12:55:31.113784+00:00,Tamil Nadu,POONAMALLEE RTO,TATA PASSENGER ELECTRIC MOBILITY LTD,0,0,0,2,0,0,0,0,0,0,2,2
2025-11-07T12:55:31.113784+00:00,Tamil Nadu,POONAMALLEE RTO,TOYOTA KIRLOSKAR MOTOR PVT LTD,0,3,0,0,0,0,2,0,4,3,12,0
2025-11-07T12:55:31.132917+00:00,Tamil Nadu,PUDUKOTTAI RTO,HYUNDAI MOTOR INDIA LTD,0,1,0,0,0,0,0,0,0,2,3,0
2025-11-07T12:55:31.132917+00:00,Tamil Nadu,PUDUKOTTAI RTO,KIA INDIA PRIVATE LIMITED,0,1,0,0,0,0,0,0,0,0,1,0
2025-11-07T12:55:31.132917+00:00,Tamil Nadu,PUDUKOTTAI RTO,MAHINDRA ELECTRIC AUTOMOBILE LTD,0,0,0,0,0,0,0,1,0,0,1,1
2025-11-07T12:55:31.132917+00:00,Tamil Nadu,PUDUKOTTAI RTO,MAHINDRA & MAHINDRA LIMITED,0,2,0,0,1,0,0,0,0,0,3,0
2025-11-07T12:55:31.132917+00:00,Tamil Nadu,PUDUKOTTAI RTO,MARUTI SUZUKI INDIA LTD,0,0,0,0,8,0,1,0,0,0,9,0
2025-11-07T12:55:31.132917+00:00,Tamil Nadu,PUDUKOTTAI RTO,RENAULT INDIA PVT LTD,0,0,0,0,0,0,0,0,0,1,1,0
2025-11-07T12:55:31.132917+00:00,Tamil Nadu,PUDUKOTTAI RTO,SKODA AUTO VOLKSWAGEN INDIA PVT LTD,0,0,0,0,1,0,0,0,0,0,1,0
2025-11-07T12:55:31.132917+00:00,Tamil Nadu,PUDUKOTTAI RTO,TATA MOTORS PASSENGER VEHICLES LTD,0,1,0,0,0,1,0,0,0,2,4,0
2025-11-07T12:55:31.132917+00:00,Tamil Nadu,PUDUKOTTAI RTO,TOYOTA KIRLOSKAR MOTOR PVT LTD,0,0,0,0,0,0,1,0,0,1,2,0
2025-11-07T12:55:31.151417+00:00,Tamil Nadu,ARIYALUR RTO,HYUNDAI MOTOR INDIA LTD,0,0,0,0,0,0,0,0,0,2,2,0
2025-11-07T12:55:31.151417+00:00,Tamil Nadu,ARIYALUR RTO,KIA INDIA PRIVATE LIMITED,0,0,0,0,0,0,0,0,0,1,1,0
2025-11-07T12:55:31.151417+00:00,Tamil Nadu,ARIYALUR RTO,MARUTI SUZUKI INDIA LTD,0,0,0,0,3,2,0,0,0,0,5,0
2025-11-07T12:55:31.151417+00:00,Tamil Nadu,ARIYALUR RTO,RENAULT INDIA PVT LTD,0,0,0,0,0,0,0,0,0,1,1,0
2025-11-07T12:55:31.151417+00:00,Tamil Nadu,ARIYALUR RTO,TATA MOTORS PASSENGER VEHICLES LTD,0,1,0,0,0,0,0,0,0,0,1,0
2025-11-07T12:55:31.151417+00:00,Tamil Nadu,ARIYALUR RTO,TOYOTA KIRLOSKAR MOTOR PVT LTD,0,0,0,0,0,0,1,0,0,2,3,0
2025-11-07T12:55:31.168062+00:00,Tamil Nadu,RAJAPALAYAM,HYUNDAI MOTOR INDIA LTD,0,0,0,0,0,0,0,0,0,3,3,0
2025-11-07T12:55:31.168062+00:00,Tamil Nadu,RAJAPALAYAM,KIA INDIA PRIVATE LIMITED,0,1,0,0,0,0,0,0,0,0,1,0
2025-11-07T12:55:31.168062+00:00,Tamil Nadu,RAJAPALAYAM,MAHINDRA ELECTRIC AUTOMOBILE LTD,0,0,0,0,0,0,0,1,0,0,1,1
2025-11-07T12:55:31.168062+00:00,Tamil Nadu,RAJAPALAYAM,MAHINDRA & MAHINDRA LIMITED,0,2,0,0,1,0,0,0,0,0,3,0
2025-11-07T12:55:31.168062+00:00,Tamil Nadu,RAJAPALAYAM,MARUTI SUZUKI INDIA LTD,0,0,0,0,5,0,0,0,0,0,5,0
2025-11-07T12:55:31.168062+00:00,Tamil Nadu,RAJAPALAYAM,SKODA AUTO VOLKSWAGEN INDIA PVT LTD,0,0,0,0,0,0,0,0,0,1,1,0
2025-11-07T12:55:31.168062+00:00,Tamil Nadu,RAJAPALAYAM,TATA MOTORS PASSENGER VEHICLES LTD,0,0,0,0,0,0,0,0,0,1,1,0
2025-11-07T12:55:31.168062+00:00,Tamil Nadu,RAJAPALAYAM,TOYOTA KIRLOSKAR MOTOR PVT LTD,0,1,0,0,1,0,0,0,0,1,3,0
2025-11-07T12:55:31.191140+00:00,Tamil Nadu,RAMANATHAPURAM RTO,HYUNDAI MOTOR INDIA LTD,0,0,0,0,0,0,0,0,0,2,2,0
2025-11-07T12:55:31.191140+00:00,Tamil Nadu,RAMANATHAPURAM RTO,KIA INDIA PRIVATE LIMITED,0,1,0,0,0,0,0,0,0,1,2,0
2025-11-07T12:55:31.191140+00:00,Tamil Nadu,RAMANATHAPURAM RTO,MAHINDRA & MAHINDRA LIMITED,0,2,0,0,0,0,0,0,0,0,2,0
2025-11-07T12:55:31.191140+00:00,Tamil Nadu,RAMANATHAPURAM RTO,MARUTI SUZUKI INDIA LTD,0,0,0,0,4,3,0,0,0,0,7,0
2025-11-07T12:55:31.191140+00:00,Tamil Nadu,RAMANATHAPURAM RTO,TOYOTA KIRLOSKAR MOTOR PVT LTD,0,0,0,0,0,0,0,0,1,0,1,0
2025-11-07T12:55:31.212907+00:00,Tamil Nadu,RANIPET RTO,HONDA CARS INDIA LTD,0,0,0,0,1,0,0,0,0,0,1,0
2025-11-07T12:55:31.212907+00:00,Tamil Nadu,RANIPET RTO,HYUNDAI MOTOR INDIA LTD,0,0,0,0,0,0,0,0,0,2,2,0
2025-11-07T12:55:31.212907+00:00,Tamil Nadu,RANIPET RTO,KIA INDIA PRIVATE LIMITED,0,2,0,0,0,0,0,0,0,1,3,0
2025-11-07T12:55:31.212907+00:00,Tamil Nadu,RANIPET RTO,MAHINDRA ELECTRIC AUTOMOBILE LTD,0,0,0,0,0,0,0,1,0,0,1,1
2025-11-07T12:55:31.212907+00:00,Tamil Nadu,RANIPET RTO,MAHINDRA & MAHINDRA LIMITED,0,1,0,0,1,0,0,0,0,0,2,0
2025-11-07T12:55:31.212907+00:00,Tamil Nadu,RANIPET RTO,MARUTI SUZUKI INDIA LTD,0,0,0,0,1,5,1,0,0,0,7,0
2025-11-07T12:55:31.212907+00:00,Tamil Nadu,RANIPET RTO,NISSAN MOTOR INDIA PVT LTD,0,0,0,0,2,0,0,0,0,0,2,0
2025-11-07T12:55:31.212907+00:00,Tamil Nadu,RANIPET RTO,RENAULT INDIA PVT LTD,0,0,0,0,0,0,0,0,0,1,1,0
2025-11-07T12:55:31.212907+00:00,Tamil Nadu,RANIPET RTO,SKODA AUTO VOLKSWAGEN INDIA PVT LTD,0,0,0,0,0,0,0,0,0,1,1,0
2025-11-07T12:55:31.212907+00:00,Tamil Nadu,RANIPET RTO,TATA MOTORS PASSENGER VEHICLES LTD,0,1,0,0,0,0,0,0,0,0,1,0
2025-11-07T12:55:31.212907+00:00,Tamil Nadu,RANIPET RTO,TOYOTA KIRLOSKAR MOTOR PVT LTD,0,0,1,0,0,0,0,0,0,0,1,0
2025-11-07T12:55:31.232916+00:00,Tamil Nadu,RASIPURAM,MARUTI SUZUKI INDIA LTD,0,0,0,0,2,2,0,0,0,0,4,0
2025-11-07T12:55:31.232916+00:00,Tamil Nadu,RASIPURAM,STELLANTIS AUTOMOBILES INDIA PVT LTD,0,0,0,0,0,0,0,4,0,1,5,4
2025-11-07T12:55:31.232916+00:00,Tamil Nadu,RASIPURAM,TATA MOTORS PASSENGER VEHICLES LTD,0,0,0,0,0,0,0,0,0,1,1,0
2025-11-07T12:55:31.232916+00:00,Tamil Nadu,RASIPURAM,TOYOTA KIRLOSKAR MOTOR PVT LTD,0,0,0,0,0,0,1,0,1,1,3,0
2025-11-07T12:55:31.250901+00:00,Tamil Nadu,REDHILLS RTO,HYUNDAI MOTOR INDIA LTD,0,2,0,0,0,0,0,0,0,13,15,0
2025-11-07T12:55:31.250901+00:00,Tamil Nadu,REDHILLS RTO,JAGUAR LAND ROVER INDIA LIMITED,0,0,0,0,0,0,0,0,0,1,1,0
2025-11-07T12:55:31.250901+00:00,Tamil Nadu,REDHILLS RTO,JSW MG MOTOR INDIA PVT LTD,0,0,0,0,0,0,0,1,0,0,1,1
2025-11-07T12:55:31.250901+00:00,Tamil Nadu,REDHILLS RTO,KIA INDIA PRIVATE LIMITED,0,4,0,0,0,0,0,0,0,6,10,0
2025-11-07T12:55:31.250901+00:00,Tamil Nadu,REDHILLS RTO,MAHINDRA & MAHINDRA LIMITED,0,5,0,0,4,0,0,0,0,1,10,0
2025-11-07T12:55:31.250901+00:00,Tamil Nadu,REDHILLS RTO,MARUTI SUZUKI INDIA LTD,0,0,0,0,18,3,5,0,0,0,26,0
2025-11-07T12:55:31.250901+00:00,Tamil Nadu,REDHILLS RTO,NISSAN MOTOR INDIA PVT LTD,0,0,0,0,1,0,0,0,0,0,1,0
2025-11-07T12:55:31.250901+00:00,Tamil Nadu,REDHILLS RTO,RENAULT INDIA PVT LTD,0,0,0,0,0,0,0,0,0,2,2,0
2025-11-07T12:55:31.250901+00:00,Tamil Nadu,REDHILLS RTO,SKODA AUTO VOLKSWAGEN INDIA PVT LTD,0,0,0,0,0,0,0,0,0,1,1,0
2025-11-07T12:55:31.250901+00:00,Tamil Nadu,REDHILLS RTO,TATA MOTORS PASSENGER VEHICLES LTD,0,1,0,0,0,0,0,0,0,7,8,0
2025-11-07T12:55:31.250901+00:00,Tamil Nadu,REDHILLS RTO,TOYOTA KIRLOSKAR MOTOR PVT LTD,0,1,0,0,0,1,3,0,1,1,7,0
2025-11-07T12:55:31.273142+00:00,Tamil Nadu,RTO CHENNAI,BMW INDIA PVT LTD,0,1,0,0,0,0,0,2,0,1,4,2
2025-11-07T12:55:31.273142+00:00,Tamil Nadu,RTO CHENNAI,HONDA CARS INDIA LTD,0,0,0,0,4,0,0,0,0,0,4,0
2025-11-07T12:55:31.273142+00:00,Tamil Nadu,RTO CHENNAI,HYUNDAI MOTOR INDIA LTD,0,1,0,0,0,1,0,0,0,14,16,0
2025-11-07T12:55:31.273142+00:00,Tamil Nadu,RTO CHENNAI,JSW MG MOTOR INDIA PVT LTD,0,0,0,0,0,0,0,1,0,0,1,1
2025-11-07T12:55:31.273142+00:00,Tamil Nadu,RTO CHENNAI,KIA INDIA PRIVATE LIMITED,0,5,0,0,0,0,0,0,0,4,9,0
2025-11-07T12:55:31.273142+00:00,Tamil Nadu,RTO CHENNAI,MAHINDRA ELECTRIC AUTOMOBILE LTD,0,0,0,0,0,0,0,1,0,0,1,1
2025-11-07T12:55:31.273142+00:00,Tamil Nadu,RTO CHENNAI,MAHINDRA & MAHINDRA LIMITED,0,3,0,0,2,0,0,0,0,1,6,0
2025-11-07T12:55:31.273142+00:00,Tamil Nadu,RTO CHENNAI,MARUTI SUZUKI INDIA LTD,0,0,0,0,9,5,1,0,0,0,15,0
2025-11-07T12:55:31.273142+00:00,Tamil Nadu,RTO CHENNAI,MERCEDES-BENZ INDIA PVT LTD,0,0,1,0,0,0,1,1,0,0,3,1
2025-11-07T12:55:31.273142+00:00,Tamil Nadu,RTO CHENNAI,NISSAN MOTOR INDIA PVT LTD,0,0,0,0,1,0,0,0,0,0,1,0
2025-11-07T12:55:31.273142+00:00,Tamil Nadu,RTO CHENNAI,RENAULT INDIA PVT LTD,0,0,0,0,0,0,0,0,0,2,2,0
2025-11-07T12:55:31.273142+00:00,Tamil Nadu,RTO CHENNAI,SKODA AUTO VOLKSWAGEN INDIA PVT LTD,0,0,0,0,1,0,0,0,0,2,3,0
2025-11-07T12:55:31.273142+00:00,Tamil Nadu,RTO CHENNAI,TATA MOTORS PASSENGER VEHICLES LTD,0,1,0,0,0,0,0,0,0,6,7,0
2025-11-07T12:55:31.273142+00:00,Tamil Nadu,RTO CHENNAI,TATA PASSENGER ELECTRIC MOBILITY LTD,0,0,0,1,0,0,0,0,0,0,1,1
2025-11-07T12:55:31.273142+00:00,Tamil Nadu,RTO CHENNAI,TOYOTA KIRLOSKAR MOTOR PVT LTD,0,2,0,0,0,0,0,0,3,3,8,0
2025-11-07T12:55:31.294276+00:00,Tamil Nadu,SALEM RTO,HYUNDAI MOTOR INDIA LTD,0,0,0,0,0,0,0,0,0,1,1,0
2025-11-07T12:55:31.294276+00:00,Tamil Nadu,SALEM RTO,JSW MG MOTOR INDIA PVT LTD,0,0,0,1,0,0,0,0,0,0,1,1
2025-11-07T12:55:31.294276+00:00,Tamil Nadu,SALEM RTO,KIA INDIA PRIVATE LIMITED,0,0,0,0,0,0,0,0,0,1,1,0
2025-11-07T12:55:31.294276+00:00,Tamil Nadu,SALEM RTO,MAHINDRA & MAHINDRA LIMITED,0,1,0,0,1,0,0,0,0,0,2,0
2025-11-07T12:55:31.294276+00:00,Tamil Nadu,SALEM RTO,MARUTI SUZUKI INDIA LTD,0,0,0,0,3,0,0,0,0,0,3,0
2025-11-07T12:55:31.294276+00:00,Tamil Nadu,SALEM RTO,SKODA AUTO VOLKSWAGEN INDIA PVT LTD,0,0,0,0,1,0,0,0,0,1,2,0
2025-11-07T12:55:31.294276+00:00,Tamil Nadu,SALEM RTO,STELLANTIS AUTOMOBILES INDIA PVT LTD,0,0,0,0,0,0,0,0,0,2,2,0
2025-11-07T12:55:31.294276+00:00,Tamil Nadu,SALEM RTO,TATA MOTORS PASSENGER VEHICLES LTD,0,0,0,0,0,0,0,0,0,1,1,0
2025-11-07T12:55:31.314457+00:00,Tamil Nadu,SALEM RTO,HYUNDAI MOTOR INDIA LTD,0,0,0,0,0,0,0,0,0,4,4,0
2025-11-07T12:55:31.314457+00:00,Tamil Nadu,SALEM RTO,JSW MG MOTOR INDIA PVT LTD,0,0,0,0,0,0,0,1,0,0,1,1
2025-11-07T12:55:31.314457+00:00,Tamil Nadu,SALEM RTO,KIA INDIA PRIVATE LIMITED,0,1,0,0,0,0,0,0,0,2,3,0
2025-11-07T12:55:31.314457+00:00,Tamil Nadu,SALEM RTO,MAHINDRA & MAHINDRA LIMITED,0,3,0,0,0,0,0,0,0,0,3,0
2025-11-07T12:55:31.314457+00:00,Tamil Nadu,SALEM RTO,MARUTI SUZUKI INDIA LTD,0,0,0,0,4,1,3,0,0,0,8,0
2025-11-07T12:55:31.314457+00:00,Tamil Nadu,SALEM RTO,NISSAN MOTOR INDIA PVT LTD,0,0,0,0,1,0,0,0,0,0,1,0
2025-11-07T12:55:31.314457+00:00,Tamil Nadu,SALEM RTO,STELLANTIS AUTOMOBILES INDIA PVT LTD,0,0,0,0,0,0,0,0,0,1,1,0
2025-11-07T12:55:31.314457+00:00,Tamil Nadu,SALEM RTO,TATA MOTORS PASSENGER VEHICLES LTD,0,0,0,0,0,0,0,0,0,2,2,0
2025-11-07T12:55:31.314457+00:00,Tamil Nadu,SALEM RTO,TATA PASSENGER ELECTRIC MOBILITY LTD,0,0,0,1,0,0,0,0,0,0,1,1
2025-11-07T12:55:31.314457+00:00,Tamil Nadu,SALEM RTO,TOYOTA KIRLOSKAR MOTOR PVT LTD,0,1,0,0,0,0,0,0,0,1,2,0
2025-11-07T12:55:31.335358+00:00,Tamil Nadu,SALEM RTO,HYUNDAI MOTOR INDIA LTD,0,1,0,0,0,0,0,0,0,6,7,0
2025-11-07T12:55:31.335358+00:00,Tamil Nadu,SALEM RTO,KIA INDIA PRIVATE LIMITED,0,2,0,0,0,0,0,0,0,1,3,0
2025-11-07T12:55:31.335358+00:00,Tamil Nadu,SALEM RTO,MAHINDRA & MAHINDRA LIMITED,0,2,0,0,0,0,0,0,0,0,2,0
2025-11-07T12:55:31.335358+00:00,Tamil Nadu,SALEM RTO,MARUTI SUZUKI INDIA LTD,0,0,0,0,3,3,4,0,0,0,10,0
2025-11-07T12:55:31.335358+00:00,Tamil Nadu,SALEM RTO,NISSAN MOTOR INDIA PVT LTD,0,0,0,0,2,0,0,0,0,0,2,0
2025-11-07T12:55:31.335358+00:00,Tamil Nadu,SALEM RTO,SKODA AUTO VOLKSWAGEN INDIA PVT LTD,0,0,0,0,2,0,0,0,0,0,2,0
2025-11-07T12:55:31.335358+00:00,Tamil Nadu,SALEM RTO,TATA MOTORS PASSENGER VEHICLES LTD,0,2,0,0,0,0,0,0,0,10,12,0
2025-11-07T12:55:31.335358+00:00,Tamil Nadu,SALEM RTO,TATA PASSENGER ELECTRIC MOBILITY LTD,0,0,0,1,0,0,0,0,0,0,1,1
2025-11-07T12:55:31.335358+00:00,Tamil Nadu,SALEM RTO,TOYOTA KIRLOSKAR MOTOR PVT LTD,0,2,0,0,0,1,1,0,1,0,5,0
2025-11-07T12:55:31.355093+00:00,Tamil Nadu,SANKAGIRI RTO,HYUNDAI MOTOR INDIA LTD,0,0,0,0,0,0,0,0,0,1,1,0
2025-11-07T12:55:31.355093+00:00,Tamil Nadu,SANKAGIRI RTO,KIA INDIA PRIVATE LIMITED,0,1,0,0,0,0,0,0,0,0,1,0
2025-11-07T12:55:31.355093+00:00,Tamil Nadu,SANKAGIRI RTO,MAHINDRA & MAHINDRA LIMITED,0,2,0,0,0,0,0,0,0,0,2,0
2025-11-07T12:55:31.355093+00:00,Tamil Nadu,SANKAGIRI RTO,MARUTI SUZUKI INDIA LTD,0,0,0,0,6,0,1,0,0,0,7,0
2025-11-07T12:55:31.355093+00:00,Tamil Nadu,SANKAGIRI RTO,NISSAN MOTOR INDIA PVT LTD,0,0,0,0,2,0,0,0,0,0,2,0
2025-11-07T12:55:31.355093+00:00,Tamil Nadu,SANKAGIRI RTO,RENAULT INDIA PVT LTD,0,0,0,0,0,0,0,0,0,1,1,0
2025-11-07T12:55:31.355093+00:00,Tamil Nadu,SANKAGIRI RTO,SKODA AUTO VOLKSWAGEN INDIA PVT LTD,0,0,0,0,2,0,0,0,0,0,2,0
2025-11-07T12:55:31.355093+00:00,Tamil Nadu,SANKAGIRI RTO,TATA MOTORS PASSENGER VEHICLES LTD,0,1,0,0,0,0,0,0,0,3,4,0
2025-11-07T12:55:31.355093+00:00,Tamil Nadu,SANKAGIRI RTO,TATA PASSENGER ELECTRIC MOBILITY LTD,0,0,0,0,0,0,0,1,0,0,1,1
2025-11-07T12:55:31.355093+00:00,Tamil Nadu,SANKAGIRI RTO,TOYOTA KIRLOSKAR MOTOR PVT LTD,0,1,0,0,0,0,0,0,1,1,3,0
2025-11-07T12:55:31.384183+00:00,Tamil Nadu,ALANGUDI,HYUNDAI MOTOR INDIA LTD,0,1,0,0,0,0,0,0,0,1,2,0
2025-11-07T12:55:31.384183+00:00,Tamil Nadu,ALANGUDI,KIA INDIA PRIVATE LIMITED,0,0,0,0,0,0,0,0,0,1,1,0
2025-11-07T12:55:31.384183+00:00,Tamil Nadu,ALANGUDI,MAHINDRA & MAHINDRA LIMITED,0,3,0,0,1,0,0,0,0,0,4,0
2025-11-07T12:55:31.384183+00:00,Tamil Nadu,ALANGUDI,MARUTI SUZUKI INDIA LTD,0,0,0,0,2,1,0,0,0,1,4,0
2025-11-07T12:55:31.384183+00:00,Tamil Nadu,ALANGUDI,RENAULT INDIA PVT LTD,0,0,0,0,0,0,0,0,0,1,1,0
2025-11-07T12:55:31.384183+00:00,Tamil Nadu,ALANGUDI,TATA MOTORS PASSENGER VEHICLES LTD,0,0,0,0,0,0,0,0,0,3,3,0
2025-11-07T12:55:31.384183+00:00,Tamil Nadu,ALANGUDI,TOYOTA KIRLOSKAR MOTOR PVT LTD,0,0,0,0,0,0,0,0,0,1,1,0
